Title,Track,Artist,Song
Best of Rock Vol. I,1,Tool,Eulogy
Best of Rock Vol. I,2,Deftones,Change (in the house of flies)
Best of Rock Vol. I,3,Spineshank,Synthetic
Best of Rock Vol. I,4,System of a Down,Toxicity
Best of Rock Vol. I,5,Soundgarden,Black Hole Sun
Best of Rock Vol. I,6,Tool,Prison Sex
Best of Rock Vol. I,7,Crazy Town,Toxic
Best of Rock Vol. I,8,Hoobastank,Crawling in the Dark
Best of Rock Vol. I,9,Marilyn Manson,The Fight Song
Best of Rock Vol. I,10,Soulfly,Back to the Primitive
Best of Rock Vol. I,11,Tool,Lateralus
Best of Rock Vol. I,12,Korn,Freak on a Leash
Best of Rock Vol. I,13,System of a Down,ATWA
Best of Rock Vol. I,14,A Perfect Circle,Thinking of You
Best of Rock Vol. I,15,Nirvana,Mr. Moustache
Best of Rock Vol. I,16,Cold,Just Got Wicked
Best of Rock Vol. I,17,Dead Kennedys,Holiday in Cambodia
Best of Rock Vol. I,18,Swingin' Utters,Five Lessons Learned
Best of Rock Vol. II,1,Weezer,Hash Pipe
Best of Rock Vol. II,2,Tool,Ænema (live)
Best of Rock Vol. II,3,Alice in Chains,Man in the Box
Best of Rock Vol. II,4,Nirvana,In Bloom
Best of Rock Vol. II,5,Anathema,Deep
Best of Rock Vol. II,6,Dead Kennedys,Soup Is Good Food
Best of Rock Vol. II,7,Earshot,Get Away
Best of Rock Vol. II,8,Godsmack,I Stand Alone
Best of Rock Vol. II,9,Headcrash,Freedom
Best of Rock Vol. II,10,Soil,Halo
Best of Rock Vol. II,11,Slipknot,Wait and Bleed
Best of Rock Vol. II,12,Spineshank,Asthmatic
Best of Rock Vol. II,13,System of a Down,Metro
Best of Rock Vol. II,14,Rob Zombie,Dead Girl Superstar
Best of Rock Vol. II,15,Tool,Third Eye
Best of Rock Vol. II,16,Nine Inch Nails,"Starfuckers, Inc. (live)"
Best of Rock Vol. II,17,Cold,Anti-Love Song
Best of Rock Vol. II,18,System of a Down,Storaged
Best of Rock Vol. III,1,Tool,Intolerance
Best of Rock Vol. III,2,KMFDM,A Drug Against War
Best of Rock Vol. III,3,Tool,Opiate
Best of Rock Vol. III,4,Spineshank,New Disease
Best of Rock Vol. III,5,Soilwork,Needlefeast
Best of Rock Vol. III,6,Pantera,Hellbound
Best of Rock Vol. III,7,Snot,Snot
Best of Rock Vol. III,8,System of a Down,Innervision
Best of Rock Vol. III,9,Stabbing Westward,Save Yourself
Best of Rock Vol. III,10,Apartment 26,Apt. 26
Best of Rock Vol. III,11,System of a Down,Fuck the System
Best of Rock Vol. III,12,Deftones,Around the Fur
Best of Rock Vol. III,13,Tool,Hooker With A Penis
Best of Rock Vol. III,14,Staind,Make Believe
Best of Rock Vol. III,15,KMFDM,Anarchy
Best of Rock Vol. III,16,Slayer,Disciple
Best of Rock Vol. III,17,Rage Against the Machine,Know Your Enemy
Best of Rock Vol. III,18,Our Lady Peace,Whatever
Best of Rock Vol. III,19,Metallica,Battery
Best of Rock Vol. III,20,Motorhead,Orgasmatron
Best of Rock Vol. IV,1,40 Below Summer,5 lb. Bag
Best of Rock Vol. IV,2,Primer 55,Set It Off
Best of Rock Vol. IV,3,Reveille,Plastic
Best of Rock Vol. IV,4,Switched,Darkening Days
Best of Rock Vol. IV,5,Professional Murder Music,Slow
Best of Rock Vol. IV,6,Tool,Parabol
Best of Rock Vol. IV,7,Tool,Parabola
Best of Rock Vol. IV,8,Skinny Puppy,Worlock
Best of Rock Vol. IV,9,KMFDM,Adios
Best of Rock Vol. IV,10,Breaking Point,One of a Kind
Best of Rock Vol. IV,11,Stabbing Westward,Shame
Best of Rock Vol. IV,12,Boy Hits Car,I'm a Cloud
Best of Rock Vol. IV,13,Acid Bath,Scream of the Butterfly
Best of Rock Vol. IV,14,Alice in Chains,Down in a Hole
Best of Rock Vol. IV,15,Katatonia,For My Demons
Best of Rock Vol. IV,16,Finger Eleven,First Time
Best of Rock Vol. IV,17,Deftones,Passenger
Best of Rock Vol. V,1,Lostprophets,Shinobi vs. Dragon Ninja
Best of Rock Vol. V,2,Mudvayne,Death Blooms
Best of Rock Vol. V,3,Endo,Suffer
Best of Rock Vol. V,4,Tool,Part of Me
Best of Rock Vol. V,5,System of a Down,War?
Best of Rock Vol. V,6,Skinny Puppy,Assimilate
Best of Rock Vol. V,7,30 Seconds to Mars,Capricorn
Best of Rock Vol. V,8,Acid Bath,God Machine
Best of Rock Vol. V,9,KMFDM,Ultra
Best of Rock Vol. V,10,Disturbed,The Game
Best of Rock Vol. V,11,Deftones,Digital Bath
Best of Rock Vol. V,12,Gravity Kills,Enough
Best of Rock Vol. V,13,Nothingface,Bleeder
Best of Rock Vol. V,14,Sevendust,Home
Best of Rock Vol. V,15,Rob Zombie,Superbeast
Best of Rock Vol. V,16,A Perfect Circle,Magdalena
Best of Rock Vol. V,17,The Offspring,Killboy Powerhead
Best of Rock Vol. V,18,Anthrax,Got the Time
Best of Rock Vol. V,19,311,Come Original
Best of Rock Vol. V,20,Guttermouth,Can I Borrow Some Ambition?
Best of Rock Vol. VI,1,Korn,Blind
Best of Rock Vol. VI,2,Soilwork,Natural Born Chaos
Best of Rock Vol. VI,3,KMFDM vs. PIG,Fuck Me
Best of Rock Vol. VI,4,Gravity Kills,Blame
Best of Rock Vol. VI,5,Prick,Animal
Best of Rock Vol. VI,6,Skinny Puppy,Killing Game
Best of Rock Vol. VI,7,Tool,Stinkfist
Best of Rock Vol. VI,8,Boy Hits Car,Turning Inward
Best of Rock Vol. VI,9,Static-X,Cold
Best of Rock Vol. VI,10,Mudvayne,Dig
Best of Rock Vol. VI,11,System of a Down,Sugar (live)
Best of Rock Vol. VI,12,Rob Zombie,Living Dead Girl
Best of Rock Vol. VI,13,Dog Fashion Disco,Mushroom Cult
Best of Rock Vol. VI,14,Anthrax,Inside Out
Best of Rock Vol. VI,15,Cold,No One
Best of Rock Vol. VI,16,Earshot,Headstrong
Best of Rock Vol. VI,17,A Perfect Circle,Judith
Best of Rock Vol. VI,18,Nailbomb,Police Truck
Best of Rock Vol. VI,19,Shootyz Groove,High Definition
Best of Rock Vol. VI,20,Bad Religion,Epiphany
Best of Rock Vol. VII,1,30 Seconds to Mars,93 Million Miles
Best of Rock Vol. VII,2,A Perfect Circle,Thinking of You
Best of Rock Vol. VII,3,Stabbing Westward,Darkest Days
Best of Rock Vol. VII,4,MDFMK,Missing Time
Best of Rock Vol. VII,5,Headcrash,Asphalt Ostrich
Best of Rock Vol. VII,6,Korn,Here to Stay
Best of Rock Vol. VII,7,System of a Down,Snowblind
Best of Rock Vol. VII,8,Deftones,7 Words
Best of Rock Vol. VII,9,Glassjaw,Siberian Kiss
Best of Rock Vol. VII,10,Endo,The Program
Best of Rock Vol. VII,11,Earshot,Not Afraid
Best of Rock Vol. VII,12,KMFDM,Sucks
Best of Rock Vol. VII,13,Lostprophets,Kobrakai
Best of Rock Vol. VII,14,Tool,H.
Best of Rock Vol. VII,15,Disturbed,Violence Fetish
Best of Rock Vol. VII,16,Nine Inch Nails,March of the Pigs (live)
Best of Rock Vol. VII,17,Dead Kennedys,Chemical Warfare
Best of Rock Vol. VII,18,The Offspring,Jennifer Lost the War
Best of Rock Vol. VII,19,The Vandals,Behind the Music
Best of Rock Vol. VIII,1,Soilwork,Chainheart Machine
Best of Rock Vol. VIII,2,Slayer,Payback
Best of Rock Vol. VIII,3,Ultraspank,Jackass
Best of Rock Vol. VIII,4,Biohazard,Switchback
Best of Rock Vol. VIII,5,Static-X,Black and White
Best of Rock Vol. VIII,6,Korn,Clown
Best of Rock Vol. VIII,7,Rob Zombie,Feel So Numb
Best of Rock Vol. VIII,8,Soil,Breaking Me Down
Best of Rock Vol. VIII,9,Apartment 26,Death
Best of Rock Vol. VIII,10,Deftones,Be Quiet and Drive (Far Away)
Best of Rock Vol. VIII,11,Ill Nino,What Comes Around
Best of Rock Vol. VIII,12,Glassjaw,When One Eight Becomes Two Zeroes
Best of Rock Vol. VIII,13,Deadsy,Key to Gramercy Park
Best of Rock Vol. VIII,14,Onesidezero,Awake
Best of Rock Vol. VIII,15,Econoline Crush,You Don't Know What It's Like
Best of Rock Vol. VIII,16,Beastie Boys,Intergalactic
Best of Rock Vol. VIII,17,The Offspring,Bad Habit
Best of Rock Vol. VIII,18,Dead Kennedys,Pull My Strings
Best of Rock Vol. VIII,19,Bad Religion,Supersonic
Best of Rock Vol. VIII,20,Weezer,Buddy Holly
Best of Rock Vol. VIII,21,311,Livin' and Rockin'
Best of Rock Vol. IX,1,311,Down
Best of Rock Vol. IX,2,Radiohead,Creep
Best of Rock Vol. IX,3,Thursday,Understanding in a Crash
Best of Rock Vol. IX,4,The Vines,Get Free
Best of Rock Vol. IX,5,The Clash,London Calling
Best of Rock Vol. IX,6,The Misfits,Vampira
Best of Rock Vol. IX,7,Operation Ivy,Knowledge
Best of Rock Vol. IX,8,The Dwarves,I Will Deny
Best of Rock Vol. IX,9,Soundgarden,Spoonman
Best of Rock Vol. IX,10,Stone Temple Pilots,Vasoline
Best of Rock Vol. IX,11,Mr. Bungle,The Air-Conditioned Nightmare
Best of Rock Vol. IX,12,Sparta,Cut Your Ribbon
Best of Rock Vol. IX,13,Faith No More,We Care a Lot
Best of Rock Vol. IX,14,Dredg,Penguins in the Desert
Best of Rock Vol. IX,15,Disturbed,Prayer
Best of Rock Vol. IX,16,Deftones,My Own Summer (Shove It)
Best of Rock Vol. IX,17,Crossbreed,Machines
Best of Rock Vol. IX,18,Primus,My Name Is Mud
Best of Rock Vol. IX,19,Apartment 26,Dystopia
Best of Rock Vol. IX,20,Metallica,Whiplash
Best of Rock Vol. IX,21,Rammstein,Mutter
Best of Rock Vol. IX,22,KMFDM,Megalomaniac
Best of Rock Vol. X,1,At the Drive-In,One-Armed Scissor
Best of Rock Vol. X,2,Queens of the Stone Age,No One Knows
Best of Rock Vol. X,3,30 Seconds to Mars,Welcome to the Universe
Best of Rock Vol. X,4,The Beatles,The Ballad of John and Yoko
Best of Rock Vol. X,5,Bodega,Relative
Best of Rock Vol. X,6,The White Stripes,Dead Leaves and the Dirty Ground
Best of Rock Vol. X,7,Nirvana,You Know You're Right
Best of Rock Vol. X,8,Glassjaw,Radio Cambodia
Best of Rock Vol. X,9,Dead Kennedys,Too Drunk to Fuck
Best of Rock Vol. X,10,Transplants,Diamonds and Guns
Best of Rock Vol. X,11,A Perfect Circle,Diary of a Madman (live)
Best of Rock Vol. X,12,Deftones,MX
Best of Rock Vol. X,13,Tool,Sober
Best of Rock Vol. X,14,System of a Down,Thetawaves
Best of Rock Vol. X,15,Flaw,Payback
Best of Rock Vol. X,16,KMFDM,Preach/Pervert
Best of Rock Vol. X,17,Anthrax,Among the Living
Best of Rock Vol. X,18,Mists of Avalon,Prison Sex
Best of Rock Vol. X,19,40 Below Summer,Step Into the Sideshow
Best of Rock Vol. X,20,Static-X,December
Best of Rock Vol. XI,1,Alien Ant Farm,Smooth Criminal
Best of Rock Vol. XI,2,Rage Against the Machine,Renegades of Funk
Best of Rock Vol. XI,3,AFI,Wester
Best of Rock Vol. XI,4,System of a Down,Spiders
Best of Rock Vol. XI,5,At the Drive-In,Rolodex Propaganda
Best of Rock Vol. XI,6,Stone Temple Pilots,Down
Best of Rock Vol. XI,7,KMFDM,Sturm & Drang
Best of Rock Vol. XI,8,Tool,Schism
Best of Rock Vol. XI,9,Gravity Kills,Superstarved
Best of Rock Vol. XI,10,Korn,A.D.I.D.A.S.
Best of Rock Vol. XI,11,Guttermouth,Hit Machine
Best of Rock Vol. XI,12,Nirvana,Smells Like Teen Spirit
Best of Rock Vol. XI,13,30 Seconds to Mars,Edge of the Earth
Best of Rock Vol. XI,14,Biohazard,Sellout
Best of Rock Vol. XI,15,The Vines,Outtatheway
Best of Rock Vol. XI,16,Dead Kennedys,California Uber Alles
Best of Rock Vol. XI,17,Alice in Chains,Them Bones
Best of Rock Vol. XI,18,The Beatles,I Am the Walrus
Best of Rock Vol. XI,19,Deftones,Headup
Best of Rock Vol. XI,20,Rammstein,Sehnsucht
Best of Rock Vol. XI,21,The Damned,Democracy?
Best of Rock Vol. XII,1,The Union Underground,Drivel
Best of Rock Vol. XII,2,Crossbreed,Pure Energy
Best of Rock Vol. XII,3,Orgy,Stitches
Best of Rock Vol. XII,4,Marilyn Manson,1996
Best of Rock Vol. XII,5,Mudvayne,Not Falling
Best of Rock Vol. XII,6,Tool,Cold and Ugly (live)
Best of Rock Vol. XII,7,Deftones,Bored
Best of Rock Vol. XII,8,Static-X,Bled for Days
Best of Rock Vol. XII,9,Soundgarden,Jesus Christ Pose
Best of Rock Vol. XII,10,Nirvana,Heart-Shaped Box
Best of Rock Vol. XII,11,Helmet,Pure
Best of Rock Vol. XII,12,System of a Down,Soil
Best of Rock Vol. XII,13,The Clash,This Is Radio Clash
Best of Rock Vol. XII,14,Dead Kennedys,Police Truck
Best of Rock Vol. XII,15,Violent Femmes,Blister in the Sun (live)
Best of Rock Vol. XII,16,Taproot,Poem
Best of Rock Vol. XII,17,Slipknot,Spit It Out
Best of Rock Vol. XII,18,Dead Milkmen,Beach Party Vietnam
Best of Rock Vol. XII,19,Funker Vogt,Black Rain
Best of Rock Vol. XII,20,AFI,Girls Not Grey
Best of Rock Vol. XII,21,The Damned,Love Song
Best of Rock Vol. XII,22,Shriekback,Nemesis
Best of Rock Vol. XIII,1,System of a Down,Boom!
Best of Rock Vol. XIII,2,Tool,Hush
Best of Rock Vol. XIII,3,A Flock of Seagulls,I Ran (So Far Away)
Best of Rock Vol. XIII,4,The Sex Pistols,Anarchy in the UK
Best of Rock Vol. XIII,5,The Offspring,Come Out and Play
Best of Rock Vol. XIII,6,Anthrax,Bring the Noise
Best of Rock Vol. XIII,7,Deftones,Knife Prty
Best of Rock Vol. XIII,8,Marilyn Manson,Irresponsible Hate Anthem
Best of Rock Vol. XIII,9,Crossbreed,Breathe
Best of Rock Vol. XIII,10,Soundgarden,Ty Cobb
Best of Rock Vol. XIII,11,The Clash,Train in Vain
Best of Rock Vol. XIII,12,Led Zeppelin,Kashmir
Best of Rock Vol. XIII,13,Spineshank,Violent Moodswings
Best of Rock Vol. XIII,14,Nine Inch Nails,Wish
Best of Rock Vol. XIII,15,Korn,Wicked
Best of Rock Vol. XIII,16,The White Stripes,Seven Nation Army
Best of Rock Vol. XIII,17,Front 242,Headhunter
Best of Rock Vol. XIII,18,Cold,Stupid Girl
Best of Rock Vol. XIII,19,Porcupine Tree,Trains
Best of Rock Vol. XIV,1,Jay and Silent Bob,Jay's Rap
Best of Rock Vol. XIV,2,Dead Kennedys,Anarchy for Sale
Best of Rock Vol. XIV,3,Soilwork,Bulletbeast
Best of Rock Vol. XIV,4,Meshuggah,New Millenium Cyanide Christ
Best of Rock Vol. XIV,5,Cold,The Day Seattle Died
Best of Rock Vol. XIV,6,The Clash,White Riot
Best of Rock Vol. XIV,7,Korn,Chi
Best of Rock Vol. XIV,8,Audioslave,Like a Stone
Best of Rock Vol. XIV,9,KMFDM,Juke Joint Jezebel
Best of Rock Vol. XIV,10,Blisstripp,Breathe
Best of Rock Vol. XIV,11,Pantera,Fucking Hostile
Best of Rock Vol. XIV,12,Orgy,Blue Monday
Best of Rock Vol. XIV,13,Downset,Pure Trauma
Best of Rock Vol. XIV,14,Slayer,Raining Blood
Best of Rock Vol. XIV,15,Queens of the Stone Age,Millionaire
Best of Rock Vol. XIV,16,Dropkick Murphys,The Gauntlet
Best of Rock Vol. XIV,17,Deftones,Teething
Best of Rock Vol. XIV,18,Rammstein,Feuer Frei!
Best of Rock Vol. XIV,19,System of a Down,Shame
Best of Rock Vol. XIV,20,The Ramones,I Wanna Be Sedated
Best of Rock Vol. XIV,21,(hed) p.e.,Waiting to Die
Best of Rock Vol. XIV,22,Limp Bizkit,Crushed
Best of Rock Vol. XIV,23,Rage Against the Machine,Calm Like a Bomb
Best of Rock Vol. XV,1,Death By Stereo,"Shh, It'll Be Our Little Secret"
Best of Rock Vol. XV,2,Dillinger Escape Plan,Come to Daddy
Best of Rock Vol. XV,3,Boy Sets Fire,After the Eulogy
Best of Rock Vol. XV,4,Meshuggah,Soul Burn
Best of Rock Vol. XV,5,Jane's Addiction,Been Caught Stealing
Best of Rock Vol. XV,6,Incubus,Pardon Me
Best of Rock Vol. XV,7,Ministry,Jesus Built My Hotrod
Best of Rock Vol. XV,8,Deftones,Hexagram
Best of Rock Vol. XV,9,The Clash,Safe European Home
Best of Rock Vol. XV,10,Disturbed,Liberate
Best of Rock Vol. XV,11,Nine Inch Nails,The Frail
Best of Rock Vol. XV,12,Nine Inch Nails,The Wretched
Best of Rock Vol. XV,13,At the Drive-In,Arcarsenal
Best of Rock Vol. XV,14,Nirvana,Radio Friendly Unit Shifter
Best of Rock Vol. XV,15,Fuel,Sunburn
Best of Rock Vol. XV,16,Pennywise,Alien
Best of Rock Vol. XV,17,Stone Temple Pilots,Sex Type Thing
Best of Rock Vol. XV,18,The Beatles,Magical Mystery Tour
Best of Rock Vol. XV,19,Biohazard,Cleansing
Best of Rock Vol. XV,20,From Zero,Pressure
Best of Rock Vol. XVI,1,Catch-22,"1234, 1234"
Best of Rock Vol. XVI,2,Gravity Kills,Guilty
Best of Rock Vol. XVI,3,Jane's Addiction,Mountain Song
Best of Rock Vol. XVI,4,CKY,Escape From Hellview
Best of Rock Vol. XVI,5,The Sex Pistols,Holidays in the Sun
Best of Rock Vol. XVI,6,Nirvana,Serve the Servants
Best of Rock Vol. XVI,7,Anthrax,Caught in a Mosh
Best of Rock Vol. XVI,8,Bad Religion,Them and Us
Best of Rock Vol. XVI,9,Pennywise,Bro Hymn
Best of Rock Vol. XVI,10,Collective Soul,Heavy
Best of Rock Vol. XVI,11,Fugazi,Waiting Room
Best of Rock Vol. XVI,12,Deftones,When Girls Telephone Boys
Best of Rock Vol. XVI,13,Helmet,Unsung
Best of Rock Vol. XVI,14,System of a Down,Suite-Pee
Best of Rock Vol. XVI,15,Pearl Jam,Jeremy
Best of Rock Vol. XVI,16,Incubus,Idiot Box
Best of Rock Vol. XVI,17,Sevendust,Fall
Best of Rock Vol. XVI,18,Soundgarden,Pretty Noose
Best of Rock Vol. XVI,19,Sonic Youth,Starlit Road
Best of Rock Vol. XVI,20,The Clash,Should I Stay or Should I Go
The Very Best of Rock (Vol. 1-10) Disc 1,1,Skinny Puppy,Worlock
The Very Best of Rock (Vol. 1-10) Disc 1,2,Deftones,7 Words
The Very Best of Rock (Vol. 1-10) Disc 1,3,Static-X,Cold
The Very Best of Rock (Vol. 1-10) Disc 1,4,Professional Murder Music,Slow
The Very Best of Rock (Vol. 1-10) Disc 1,5,System of a Down,Toxicity
The Very Best of Rock (Vol. 1-10) Disc 1,6,Tool,Prison Sex
The Very Best of Rock (Vol. 1-10) Disc 1,7,Cold,No One
The Very Best of Rock (Vol. 1-10) Disc 1,8,KMFDM,Adios
The Very Best of Rock (Vol. 1-10) Disc 1,9,Soilwork,Needlefeast
The Very Best of Rock (Vol. 1-10) Disc 1,10,Apartment 26,Apt. 26
The Very Best of Rock (Vol. 1-10) Disc 1,11,Dead Kennedys,Soup Is Good Food
The Very Best of Rock (Vol. 1-10) Disc 1,12,A Perfect Circle,Judith
The Very Best of Rock (Vol. 1-10) Disc 1,13,Endo,Suffer
The Very Best of Rock (Vol. 1-10) Disc 1,14,Glassjaw,Radio Cambodia
The Very Best of Rock (Vol. 1-10) Disc 1,15,Korn,Blind
The Very Best of Rock (Vol. 1-10) Disc 1,16,Mudvayne,Dig
The Very Best of Rock (Vol. 1-10) Disc 1,17,30 Seconds to Mars,Capricorn
The Very Best of Rock (Vol. 1-10) Disc 1,18,Tool,Opiate
The Very Best of Rock (Vol. 1-10) Disc 2,1,Cold,Just Got Wicked
The Very Best of Rock (Vol. 1-10) Disc 2,2,Tool,Stinkfist
The Very Best of Rock (Vol. 1-10) Disc 2,3,System of a Down,Metro
The Very Best of Rock (Vol. 1-10) Disc 2,4,KMFDM,Anarchy
The Very Best of Rock (Vol. 1-10) Disc 2,5,At the Drive-In,One-Armed Scissor
The Very Best of Rock (Vol. 1-10) Disc 2,6,Dead Kennedys,Passenger
The Very Best of Rock (Vol. 1-10) Disc 2,7,Anthrax,Got the Time
The Very Best of Rock (Vol. 1-10) Disc 2,8,Deftones,Passenger
The Very Best of Rock (Vol. 1-10) Disc 2,9,Gravity Kills,Enough
The Very Best of Rock (Vol. 1-10) Disc 2,10,Spineshank,Synthetic
The Very Best of Rock (Vol. 1-10) Disc 2,11,Tool,Parabol
The Very Best of Rock (Vol. 1-10) Disc 2,12,Tool,Parabola
The Very Best of Rock (Vol. 1-10) Disc 2,13,Stabbing Westward,Darkest Days
The Very Best of Rock (Vol. 1-10) Disc 2,14,Lostprophets,Shinobi vs. Dragon Ninja
The Very Best of Rock (Vol. 1-10) Disc 2,15,Queens of the Stone Age,No One Knows
The Very Best of Rock (Vol. 1-10) Disc 2,16,Disturbed,Prayer
The Very Best of Rock (Vol. 1-10) Disc 2,17,Prick,Animal
Best of Rock Vol. XVII,1,Rage Against the Machine,Killing in the Name
Best of Rock Vol. XVII,2,Glassjaw,Cosmopolitan Bloodloss
Best of Rock Vol. XVII,3,Mod Flanders Conspiracy,Bill Nye the Science Guy Makes Me Wanna Cut Myself
Best of Rock Vol. XVII,4,Killswitch Engage,My Last Serenade
Best of Rock Vol. XVII,5,A Static Lullaby,"Love to Hate, Hate to Me"
Best of Rock Vol. XVII,6,Dead Kennedys,MTV Get Off the Air
Best of Rock Vol. XVII,7,Tool,Ænema
Best of Rock Vol. XVII,8,Deftones,Bloody Cape
Best of Rock Vol. XVII,9,Stabbing Westward,Drugstore
Best of Rock Vol. XVII,10,Blur,Song 2
Best of Rock Vol. XVII,11,The Clash,The Magnificent Seven
Best of Rock Vol. XVII,12,Weezer,Say It Ain't So
Best of Rock Vol. XVII,13,AFI,Leaving Song Pt. II
Best of Rock Vol. XVII,14,311,Sick Tight
Best of Rock Vol. XVII,15,Meshuggah,Rational Gaze
Best of Rock Vol. XVII,16,Incubus,Nice to Know You
Best of Rock Vol. XVII,17,Pearl Jam,Black
Best of Rock Vol. XVII,18,Led Zeppelin,No Quarter
Best of Rock Vol. XVIII,1,Toadies,Possum Kingdom
Best of Rock Vol. XVIII,2,Kyuss,Demon Cleaner
Best of Rock Vol. XVIII,3,Weezer,El Scorcho
Best of Rock Vol. XVIII,4,Nirvana,Territorial Pissings
Best of Rock Vol. XVIII,5,Guttermouth,Contribution
Best of Rock Vol. XVIII,6,Rage Against the Machine,Vietnow
Best of Rock Vol. XVIII,7,Bad Religion,A Walk
Best of Rock Vol. XVIII,8,Deftones,Lhabia
Best of Rock Vol. XVIII,9,At the Drive-In,Napoleon Solo
Best of Rock Vol. XVIII,10,Tool,The Patient
Best of Rock Vol. XVIII,11,Dog Fashion Disco,Pogo the Clown
Best of Rock Vol. XVIII,12,AFI,Dancing Through Sunday
Best of Rock Vol. XVIII,13,Dropkick Murphys,Gonna Be a Blackout Tonight
Best of Rock Vol. XVIII,14,Soundgarden,The Day I Tried to Live
Best of Rock Vol. XVIII,15,Distillers,I Am a Revenant
Best of Rock Vol. XVIII,16,Apex Theory,Shh... (Hope Diggy)
Best of Rock Vol. XVIII,17,The Offspring,The Kids Aren't Alright
Best of Rock Vol. XVIII,18,Dead Kennedys,Stars and Stripes of Corruption
Best of Rock Vol. XVIII,19,Sublime,Doin' Time
Best of Rock Vol. XIX,1,Puscifier,REV 22:20
Best of Rock Vol. XIX,2,A Perfect Circle,Pet
Best of Rock Vol. XIX,3,Rage Against the Machine,Born of a Broken Man
Best of Rock Vol. XIX,4,At the Drive-In,Enfilade
Best of Rock Vol. XIX,5,Audioslave,Show Me How to Live
Best of Rock Vol. XIX,6,Jimmy Eat World,Bleed American
Best of Rock Vol. XIX,7,Faith No More,War Pigs
Best of Rock Vol. XIX,8,Jane's Addiction,Just Because
Best of Rock Vol. XIX,9,Glassjaw,Ape Dos Mil
Best of Rock Vol. XIX,10,The Offspring,Genocide
Best of Rock Vol. XIX,11,Serart,Narina
Best of Rock Vol. XIX,12,Sevendust,Bitch
Best of Rock Vol. XIX,13,White Zombie,More Human Than Human
Best of Rock Vol. XIX,14,Sonic Youth,Teen Age Riot
Best of Rock Vol. XIX,15,Incubus,Stellar
Best of Rock Vol. XIX,16,Collective Soul,December
Best of Rock Vol. XX,1,Korn,Good God
Best of Rock Vol. XX,2,KMFDM,WWIII
Best of Rock Vol. XX,3,Spineshank,Smothered
Best of Rock Vol. XX,4,A Perfect Circle,The Package
Best of Rock Vol. XX,5,Finch,Worms of the Earth
Best of Rock Vol. XX,6,Static-X,Destroy All
Best of Rock Vol. XX,7,Marilyn Manson & Eminem,The Way I Am
Best of Rock Vol. XX,8,Live,Selling the Drama
Best of Rock Vol. XX,9,Tool,You Lied
Best of Rock Vol. XX,10,Bad Religion,Against the Grain
Best of Rock Vol. XX,11,Glassjaw,Tip Your Bartender
Best of Rock Vol. XX,12,Watson One Shirt,Eat Shit
Best of Rock Vol. XX,13,AFI,This Secret Ninja
Best of Rock Vol. XX,14,The Clash,Clash City Rockers
Best of Rock Vol. XX,15,Rage Against the Machine,Testify
Best of Rock Vol. XX,16,System of a Down,CUBErt
Best of Rock Vol. XX,17,Mod Flanders Conspiracy,The Zimbabwe Sea Shanties of the Swashbuckler
Best of Rock Vol. XX,18,Deftones,Back to School (Mini Maggit)
Best of Rock Vol. XX,19,Gravity Kills,Inside
Best of Rock Vol. XX,20,TRUSTcompany,Downfall
Best of Rock Vol. XXI,1,Nine Inch Nails,Closer
Best of Rock Vol. XXI,2,Ministry,Stigmata
Best of Rock Vol. XXI,3,Smashing Pumpkins,Today
Best of Rock Vol. XXI,4,Static-X,Get to the Gone
Best of Rock Vol. XXI,5,Thursday,For the Workforce Drowning
Best of Rock Vol. XXI,6,The Clash,Hitsville U.K.
Best of Rock Vol. XXI,7,Incubus,A Certain Shade of Green
Best of Rock Vol. XXI,8,Alice in Chains,I Stay Away
Best of Rock Vol. XXI,9,Rage Against the Machine,Darkness
Best of Rock Vol. XXI,10,Tool,No Quarter
Best of Rock Vol. XXI,11,Stone Temple Pilots,Interstate Love Song
Best of Rock Vol. XXI,12,Primus,Jerry Was a Racecar Driver
Best of Rock Vol. XXI,13,Bush,Everything Zen
Best of Rock Vol. XXI,14,Interpol,PDA
Best of Rock Vol. XXI,15,Bad Religion,Against the Grain
Best of Rock Vol. XXI,16,Sevendust,Black
Best of Rock Vol. XXI,17,Foo Fighters,This Is a Call
Best of Rock Vol. XXI,18,The Damned,Ballroom Blitz
Best of Rock Vol. XXII,1,Cursive,A Gentleman Caller
Best of Rock Vol. XXII,2,Filter,Hey Man Nice Shot
Best of Rock Vol. XXII,3,Depeche Mode,Enjoy the Silence
Best of Rock Vol. XXII,4,Modest Mouse,Float On
Best of Rock Vol. XXII,5,Nine Inch Nails,We're In This Together
Best of Rock Vol. XXII,6,Brand New,Sic Transit Gloria...Glory Fades
Best of Rock Vol. XXII,7,Rage Against the Machine,Bulls On Parade
Best of Rock Vol. XXII,8,Incubus,Megalomaniac
Best of Rock Vol. XXII,9,Pigface,Suck
Best of Rock Vol. XXII,10,Radiohead,Paranoid Android
Best of Rock Vol. XXII,11,Dead Kennedys,Kill the Poor
Best of Rock Vol. XXII,12,Cake,"Short Skirt, Long Jacket"
Best of Rock Vol. XXII,13,Beastie Boys,Fight for Your Right
Best of Rock Vol. XXII,14,Violent Femmes,Country Death Song
Best of Rock Vol. XXII,15,White Zombie,Thunderkiss '65
Best of Rock Vol. XXII,16,The Clash,Rock the Casbah
Best of Rock Vol. XXII,17,Toadies,Velvet
Best of Rock Vol. XXII,18,Yellowcard,Way Away
Best of Rock Vol. XXIII,1,Radiohead,Idioteque
Best of Rock Vol. XXIII,2,Marilyn Manson,The Love Song
Best of Rock Vol. XXIII,3,T.S.O.L.,Code Blue
Best of Rock Vol. XXIII,4,NOFX,Glass War
Best of Rock Vol. XXIII,5,Distillers,Drain the Blood
Best of Rock Vol. XXIII,6,David Bowie,Space Oddity
Best of Rock Vol. XXIII,7,Modest Mouse,Black Cadillacs
Best of Rock Vol. XXIII,8,Ben Folds Five,Brick
Best of Rock Vol. XXIII,9,Devo,Beautiful World
Best of Rock Vol. XXIII,10,Beastie Boys,Ch-Check It Out
Best of Rock Vol. XXIII,11,Tool,Pushit (live)
Best of Rock Vol. XXIII,12,Jamiroquai,Virtual Insanity
Best of Rock Vol. XXIII,13,Nine Inch Nails,Into the Void
Best of Rock Vol. XXIII,14,Bad Religion,Ten in 2010
Best of Rock Vol. XXIII,15,A Perfect Circle,The Outsider
Best of Rock Vol. XXIII,16,The White Stripes,The Hardest Button to Button
Best of Rock Vol. XXIII,17,Weezer,Keep Fishin'
Best of Rock Vol. XXIII,18,Rage Against the Machine,Freedom
Best of Rock Vol. XXIV,1,The Cure,Boys Don't Cry
Best of Rock Vol. XXIV,2,Modest Mouse,Tiny Cities Made of Ashes
Best of Rock Vol. XXIV,3,Muse,Time Is Running Out
Best of Rock Vol. XXIV,4,Interpol,Say Hello to the Angels
Best of Rock Vol. XXIV,5,Blur,Coffee & TV
Best of Rock Vol. XXIV,6,Beastie Boys,Looking Down the Barrel of a Gun
Best of Rock Vol. XXIV,7,The Clash,Guns of Brixton
Best of Rock Vol. XXIV,8,Archers of Loaf,Web in Front
Best of Rock Vol. XXIV,9,David Bowie,Modern Love
Best of Rock Vol. XXIV,10,Alien Ant Farm,Movies
Best of Rock Vol. XXIV,11,Radiohead,Optimistic
Best of Rock Vol. XXIV,12,Bush,Greedy Fly
Best of Rock Vol. XXIV,13,Ben Folds Five,Song for the Dumped
Best of Rock Vol. XXIV,14,Incubus,The Warmth
Best of Rock Vol. XXIV,15,Cake,Never There
Best of Rock Vol. XXIV,16,Coheed and Cambria,Time Consumer
Best of Rock Vol. XXIV,17,Bjork,Army of Me
Best of Rock Vol. XXIV,18,The Breeders,Cannonball
Best of Rock Vol. XXIV,19,Beck,Devil's Haircut
Best of Rock Vol. XXIV,20,Counting Crows,Mr. Jones
Best of Rock Vol. XXV,1,Rasputina,Dwarf Star
Best of Rock Vol. XXV,2,Green Day,American Idiot
Best of Rock Vol. XXV,3,!!!,Intensify
Best of Rock Vol. XXV,4,The Postal Service,Nothing Better
Best of Rock Vol. XXV,5,The Faint,Agenda Suicide
Best of Rock Vol. XXV,6,Head Automatica,Young Hollywood
Best of Rock Vol. XXV,7,The Cure,Shake Dog Shake
Best of Rock Vol. XXV,8,Fantomas,The Godfather
Best of Rock Vol. XXV,9,Dismemberment Plan,Memory Machine
Best of Rock Vol. XXV,10,Interpol,Slow Hands
Best of Rock Vol. XXV,11,Yeah Yeah Yeahs,Maps
Best of Rock Vol. XXV,12,Franz Ferdinand,Take Me Out
Best of Rock Vol. XXV,13,Soul Coughing,Bus to Beelzebub
Best of Rock Vol. XXV,14,Local H,Bound for the Floor
Best of Rock Vol. XXV,15,Justin Timberlake,Rock Your Body
Best of Rock Vol. XXV,16,Of Montreal,My Favorite Boxer
Best of Rock Vol. XXV,17,Cake,The Distance
Best of Rock Vol. XXV,18,Brazil,The Novemberist
Best of Rock Vol. XXV,19,Ben Folds Five,Army
Best of Rock Vol. XXV,20,Slipknot,Duality
Best of Rock Vol. XXVI,1,Secret Machines,First Wave Intact
Best of Rock Vol. XXVI,2,Modest Mouse,The Stars Are Projectors
Best of Rock Vol. XXVI,3,Tool,Pushit
Best of Rock Vol. XXVI,4,Green Day,Jesus of Suburbia
Best of Rock Vol. XXVI,5,Blur,Tender
Best of Rock Vol. XXVI,6,Sonic Youth,Trilogy
Best of Rock Vol. XXVI,7,Jane's Addiction,Three Days
Best of Rock Vol. XXVI,8,!!!,Me and Guiliani Down By the Schoolyard
Best of Rock Vol. XXVII,1,The Faint,Glass Danse
Best of Rock Vol. XXVII,2,Head Automatica,Beating Heart Baby
Best of Rock Vol. XXVII,3,The Flaming Lips,Race for the Prize [remix]
Best of Rock Vol. XXVII,4,Death Cab for Cutie,Styrofoam Plates
Best of Rock Vol. XXVII,5,Nine Inch Nails,The Perfect Drug
Best of Rock Vol. XXVII,6,Radiohead,2+2=5
Best of Rock Vol. XXVII,7,The Cure,Fascination Street
Best of Rock Vol. XXVII,8,At the Drive-In,Rascuache
Best of Rock Vol. XXVII,9,Rasputina,Momma Was An Opium Smoker
Best of Rock Vol. XXVII,10,R.E.M.,"What's the Frequency, Kenneth?"
Best of Rock Vol. XXVII,11,Alice in Chains,Nutshell
Best of Rock Vol. XXVII,12,Franz Ferdinand,Dark of the Matinee
Best of Rock Vol. XXVII,13,The Strokes,Last Nite
Best of Rock Vol. XXVII,14,Mindless Self Indulgence,Bring the Pain
Best of Rock Vol. XXVII,15,Modest Mouse,3rd Planet
Best of Rock Vol. XXVII,16,Beep Beep,The Threat of Nature
Best of Rock Vol. XXVII,17,The Breeders,Cannonball
Best of Rock Vol. XXVII,18,The Hives,Walk Idiot Walk
Best of Rock Vol. XXVII,19,Marilyn Manson,Mechanical Animals
Best of Rock Vol. XXVII,20,The Polyphonic Spree,Hold Me Now
Best of Rock Vol. XXVIII,1,David Bowie,Ziggy Stardust
Best of Rock Vol. XXVIII,2,The Notwist,Pilot
Best of Rock Vol. XXVIII,3,Interpol,Evil
Best of Rock Vol. XXVIII,4,Pink Floyd,Have a Cigar
Best of Rock Vol. XXVIII,5,The Shins,New Slang
Best of Rock Vol. XXVIII,6,John Lennon,Instant Karma
Best of Rock Vol. XXVIII,7,The Cure,Pictures of You
Best of Rock Vol. XXVIII,8,Beach Boys,Wouldn't It Be Nice
Best of Rock Vol. XXVIII,9,The Killers,Somebody Told Me
Best of Rock Vol. XXVIII,10,Refused,Summerholidays vs. Punkroutine
Best of Rock Vol. XXVIII,11,TV on the Radio,Staring at the Sun
Best of Rock Vol. XXVIII,12,Against Me!,Pints of Guinness Make You Strong
Best of Rock Vol. XXVIII,13,The Mars Volta,Roulette Dares (the Haunt Of)
Best of Rock Vol. XXVIII,14,Electric Six,Danger! High Voltage
Best of Rock Vol. XXVIII,15,Radiohead,Karma Police
Best of Rock Vol. XXVIII,16,The Faint,Call Call
Best of Rock Vol. XXVIII,17,Muse,Cave
Best of Rock Vol. XXVIII,18,Hot Hot Heat,Bandages
Best of Rock Vol. XXVIII,19,The Smiths,The Queen Is Dead
Best of Rock Vol. XXIX,1,The Mars Volta,The Widow
Best of Rock Vol. XXIX,2,Neutral Milk Hotel,"Holland, 1945"
Best of Rock Vol. XXIX,3,Nine Inch Nails,Down In It
Best of Rock Vol. XXIX,4,Smashing Pumpkins,Zero
Best of Rock Vol. XXIX,5,Depeche Mode,Personal Jesus
Best of Rock Vol. XXIX,6,Talking Heads,Psycho Killer
Best of Rock Vol. XXIX,7,The Faint,Dropkick the Punks
Best of Rock Vol. XXIX,8,Muse,Hysteria
Best of Rock Vol. XXIX,9,Pixies,Debaser
Best of Rock Vol. XXIX,10,Arcade Fire,Neighborhood #3 (Power Out)
Best of Rock Vol. XXIX,11,The Rapture,I Need Your Love
Best of Rock Vol. XXIX,12,Modest Mouse,Dramamine
Best of Rock Vol. XXIX,13,Radiohead,Life in a Glasshouse
Best of Rock Vol. XXIX,14,The Shins,Saint Simon
Best of Rock Vol. XXIX,15,Pink Floyd,Run Like Hell
Best of Rock Vol. XXIX,16,Soundgarden,Outshined
Best of Rock Vol. XXIX,17,Cracker,Low
Best of Rock Vol. XXIX,18,Ladytron,Seventeen
Best of Rock Vol. XXX,1,Laibach,Tanz Mit Laibach
Best of Rock Vol. XXX,2,Of Montreal,Disconnect the Dots
Best of Rock Vol. XXX,3,Animal Collective,Who Could Win a Rabbit?
Best of Rock Vol. XXX,4,Air,Sexy Boy
Best of Rock Vol. XXX,5,Yo La Tengo,Moby Octopad
Best of Rock Vol. XXX,6,Radiohead,There There
Best of Rock Vol. XXX,7,The Mars Volta,Drunkship of Lanterns
Best of Rock Vol. XXX,8,Ladytron,Cracked LCD
Best of Rock Vol. XXX,9,Neutral Milk Hotel,Song Against Sex
Best of Rock Vol. XXX,10,Bloc Party,Helicopter
Best of Rock Vol. XXX,11,Pixies,Hey
Best of Rock Vol. XXX,12,Wumpscut,Concrete Rage
Best of Rock Vol. XXX,13,Pink Floyd,Take Up Thy Stethoscope and Walk
Best of Rock Vol. XXX,14,Beck,E-Pro
Best of Rock Vol. XXX,15,Head Automatica,The Razor
Best of Rock Vol. XXX,16,The White Stripes,Black Math
Best of Rock Vol. XXX,17,The Cure,Killing An Arab
Best of Rock Vol. XXX,18,Interpol,Obstacle 2
Best of Rock Vol. XXX,19,Self,Trunk Fulla Amps
Best of Rock Vol. XXX,20,Belle & Sebastian,"Step Into My Office, Baby"
Best of Rock Vol. XXXI,1,Gorillaz,"Feel Good, Inc."
Best of Rock Vol. XXXI,2,Xiu Xiu,Crank Heart
Best of Rock Vol. XXXI,3,Sublime,Smoke Two Joints
Best of Rock Vol. XXXI,4,Radiohead,Street Spirit (Fade Out)
Best of Rock Vol. XXXI,5,New Order,Blue Monday
Best of Rock Vol. XXXI,6,Pixies,Mr. Grieves
Best of Rock Vol. XXXI,7,Rancid,Maxwell Murder
Best of Rock Vol. XXXI,8,Yo La Tengo,Sugarcube
Best of Rock Vol. XXXI,9,At the Drive-In,198d
Best of Rock Vol. XXXI,10,Refused,New Noise
Best of Rock Vol. XXXI,11,The Cure,Play for Today
Best of Rock Vol. XXXI,12,My Bloody Valentine,Only Shallow
Best of Rock Vol. XXXI,13,LCD Soundsystem,Daft Punk is Playing At My House
Best of Rock Vol. XXXI,14,The Mars Volta,Take the Veil...Cerpin Taxt
Best of Rock Vol. XXXI,15,Modest Mouse,Jesus Christ Was An Only Child
Best of Rock Vol. XXXI,16,Secret Machines,Sad and Lonely
Best of Rock Vol. XXXI,17,Type O Negative,Black No. 1
Best of Rock Vol. XXXII,1,Zack de la Rocha & DJ Shadow,March of Death
Best of Rock Vol. XXXII,2,Console,14 Zero Zero
Best of Rock Vol. XXXII,3,Team Sleep,King Diamond
Best of Rock Vol. XXXII,4,Gorillaz,Dare
Best of Rock Vol. XXXII,5,Pixies,Where Is My Mind?
Best of Rock Vol. XXXII,6,The White Stripes,Red Rain
Best of Rock Vol. XXXII,7,!!!,The King's Weed
Best of Rock Vol. XXXII,8,Joy Division,Twenty Four Hours
Best of Rock Vol. XXXII,9,Neutral Milk Hotel,Two-Headed Boy
Best of Rock Vol. XXXII,10,David Bowie,I'm Afraid of Americans
Best of Rock Vol. XXXII,11,Interpol,Roland
Best of Rock Vol. XXXII,12,Smashing Pumpkins,Cherub Rock
Best of Rock Vol. XXXII,13,Modest Mouse,Cowboy Dan
Best of Rock Vol. XXXII,14,Rancid,Roots and Radicals
Best of Rock Vol. XXXII,15,Stealers Wheel,Stuck in the Middle With You
Best of Rock Vol. XXXII,16,Marcy Playground,Sex and Candy
Best of Rock Vol. XXXII,17,Pink Floyd,Lucifer Sam
Best of Rock Vol. XXXII,18,Sham 69,If the Kids Are United
Best of Rock Vol. XXXII,19,Cake,I Will Survive
Best of Rock Vol. XXXII,20,Bjork,Hyper-ballad
Best of Rock Vol. XXXIII,1,...And You Will Know Us by the Trail of Dead,Another Morning Stoner
Best of Rock Vol. XXXIII,2,Broken Social Scene,Anthem for a Seventeen Year-Old Girl
Best of Rock Vol. XXXIII,3,Arcade Fire,Wake Up
Best of Rock Vol. XXXIII,4,The Postal Service,Such Great Heights
Best of Rock Vol. XXXIII,5,Interpol,Stella was a Diver and She was Always Down
Best of Rock Vol. XXXIII,6,Cursive,The Recluse
Best of Rock Vol. XXXIII,7,Death Cab for Cutie,Transatlanticism
Best of Rock Vol. XXXIII,8,Bauhaus,Dark Entries
Best of Rock Vol. XXXIII,9,The Flaming Lips,One More Robot (Symphony 3000-21)
Best of Rock Vol. XXXIII,10,The Mars Volta,Cassandra Gemini
Best of Rock Vol. XXXIV,1,TV on the Radio,New Health Rock
Best of Rock Vol. XXXIV,2,Blur,Girls and Boys
Best of Rock Vol. XXXIV,3,Massive Attack,Risingson
Best of Rock Vol. XXXIV,4,The Cure,M
Best of Rock Vol. XXXIV,5,The Faint,Paranoiattack
Best of Rock Vol. XXXIV,6,Radiohead,Packt Like Sardines in a Crushd Tin Box
Best of Rock Vol. XXXIV,7,The White Stripes,Blue Orchid
Best of Rock Vol. XXXIV,8,Bright Eyes,We Are Nowhere and It's Now
Best of Rock Vol. XXXIV,9,The Postal Service,We Will Become Silhouettes
Best of Rock Vol. XXXIV,10,The Mars Volta,Concertina
Best of Rock Vol. XXXIV,11,Portishead,Wandering Star
Best of Rock Vol. XXXIV,12,The New Pornographers,The Laws Have Changed
Best of Rock Vol. XXXIV,13,Air,How Does It Make You Feel?
Best of Rock Vol. XXXIV,14,System of a Down,Question?
Best of Rock Vol. XXXIV,15,Oasis,Wonderwall
Best of Rock Vol. XXXV,1,Bauhaus,Third Uncle (Brian Eno)
Best of Rock Vol. XXXV,2,Joy Division,Day of the Lords
Best of Rock Vol. XXXV,3,Pigface,Eat Shit You Fucking Redneck
Best of Rock Vol. XXXV,4,Coldplay,Don't Panic
Best of Rock Vol. XXXV,5,The Rapture,Olio
Best of Rock Vol. XXXV,6,The Shins,Caring Is Creepy
Best of Rock Vol. XXXV,7,Sonic Youth,Kool Thing
Best of Rock Vol. XXXV,8,Bear Vs. Shark,Ma Jolie
Best of Rock Vol. XXXV,9,The Faint,Your Retro Career Melted
Best of Rock Vol. XXXV,10,Ladytron,Commodore Rock
Best of Rock Vol. XXXV,11,Fischerspooner,Just Let Go
Best of Rock Vol. XXXV,12,Portishead,Cowboys
Best of Rock Vol. XXXV,13,Thunderbirds Are Now!,Better Safe Than Safari
Best of Rock Vol. XXXV,14,The Usaisamonster,Poison Snake
Best of Rock Vol. XXXV,15,Massive Attack,Daydreaming
Best of Rock Vol. XXXV,16,Yo La Tengo,Little Honda
Best of Rock Vol. XXXV,17,The New Pornographers,From Blown Speakers
Best of Rock Vol. XXXV,18,Neutral Milk Hotel,Ghost
Best of Rock Vol. XXXV,19,Trans Am,Television Eyes
Best of Rock Vol. XXXV,20,Of Montreal,My British Tour Diary
Best of Rock Vol. XXXVI,1,The Smiths,How Soon Is Now
Best of Rock Vol. XXXVI,2,Fugazi,Cashout
Best of Rock Vol. XXXVI,3,Sonic Youth,100%
Best of Rock Vol. XXXVI,4,Guided By Voices,Hot Freaks
Best of Rock Vol. XXXVI,5,Ugly Casanova,Parasites
Best of Rock Vol. XXXVI,6,Sleater-Kinney,One Beat
Best of Rock Vol. XXXVI,7,Of Montreal,I Was Never Young
Best of Rock Vol. XXXVI,8,Brainiac,Vincent Come On Down
Best of Rock Vol. XXXVI,9,Iron and Wine,Woman King
Best of Rock Vol. XXXVI,10,Architecture in Helsinki,Scissor Paper Rock
Best of Rock Vol. XXXVI,11,Regina Spektor,Ghost of Corporate Future
Best of Rock Vol. XXXVI,12,Morrissey,"You're the One for Me, Fatty"
Best of Rock Vol. XXXVI,13,Grandaddy,Collective Dreamwish of Upperclass Elegance
Best of Rock Vol. XXXVI,14,Broken Social Scene,Almost Crimes (Radio Kills Remix)
Best of Rock Vol. XXXVI,15,Neutral Milk Hotel,Three Peaches
Best of Rock Vol. XXXVI,16,PJ Harvey,This Mess We're In
Best of Rock Vol. XXXVI,17,Ladytron,Sugar
Best of Rock Vol. XXXVI,18,DeVotchKa,The Enemy Guns
Best of Rock Vol. XXXVI,19,Dresden Dolls,Girl Anachronism
Best of Rock Vol. XXXVI,20,Yeah Yeah Yeahs,Date with the Night
Best of Rock Vol. XXXVI,21,Death Cab for Cutie,Soul Meets Body
Best of Rock Vol. XXXVI,22,Beulah,"If We Can Land a Man on the Moon, Surely I Can Win Your Heart"
Best of Rock Vol. XXXVII,1,Pink Floyd,Astronomy Domine
Best of Rock Vol. XXXVII,2,Tom Waits,Rain Dogs
Best of Rock Vol. XXXVII,3,The Stooges,Down on the Street
Best of Rock Vol. XXXVII,4,Jimi Hendrix,All Along the Watchtower
Best of Rock Vol. XXXVII,5,The Black Keys,10 A.M. Automatic
Best of Rock Vol. XXXVII,6,The Raconteurs,Steady As She Goes
Best of Rock Vol. XXXVII,7,Guided By Voices,Tractor Rape Chain
Best of Rock Vol. XXXVII,8,The Strokes,Soma
Best of Rock Vol. XXXVII,9,The Mountain Goats,Cubs In Five
Best of Rock Vol. XXXVII,10,Clap Your Hands Say Yeah,The Skin of My Yellow Country Teeth
Best of Rock Vol. XXXVII,11,Ugly Casanova,Ice on the Sheets
Best of Rock Vol. XXXVII,12,The White Stripes,"Girl, You Have No Faith In Medicine"
Best of Rock Vol. XXXVII,13,Arctic Monkeys,I Bet You Look Good on the Dancefloor
Best of Rock Vol. XXXVII,14,Broken Social Scene,Windsurfing Nation
Best of Rock Vol. XXXVII,15,Mogwai,Glasgow Mega-Snake
Best of Rock Vol. XXXVII,16,Radiohead,Fog (Again) [live]
Best of Rock Vol. XXXVII,17,Lali Puna,Contratempo
Best of Rock Vol. XXXVII,18,The Notwist,No Encores
Best of Rock Vol. XXXVII,19,Of Montreal,Doing Nothing
Best of Rock Vol. XXXVII,20,Grandaddy,Summer Here Kids
Best of Rock Vol. XXXVII,21,Fischerspooner,Megacolon
Best of Rock Vol. XXXVIII,1,!!!,Take Ecstacy With Me
Best of Rock Vol. XXXVIII,2,Gang of Four,Ether
Best of Rock Vol. XXXVIII,3,Spoon,I Turn My Camera On
Best of Rock Vol. XXXVIII,4,Pink Floyd,See Emily Play
Best of Rock Vol. XXXVIII,5,Bauhaus,Telegram Sam
Best of Rock Vol. XXXVIII,6,The Black Keys,When the Lights Go Out
Best of Rock Vol. XXXVIII,7,Secret Machines,The Road Leads Where It's Led
Best of Rock Vol. XXXVIII,8,Guided By Voices,Kicker of Elves
Best of Rock Vol. XXXVIII,9,Pixies,Rock Music
Best of Rock Vol. XXXVIII,10,Pavement,Two States
Best of Rock Vol. XXXVIII,11,Liars,The Other Side of Mt. Heart Attack
Best of Rock Vol. XXXVIII,12,Sonic Youth,Disconnection Notice
Best of Rock Vol. XXXVIII,13,Devendra Banhart,The Body Breaks
Best of Rock Vol. XXXVIII,14,Modest Mouse,Bankrupt On Selling
Best of Rock Vol. XXXVIII,15,Sigur Ros,Hoppipolla
Best of Rock Vol. XXXVIII,16,Boards of Canada,1969
Best of Rock Vol. XXXVIII,17,The Flaming Lips,Yeah Yeah Yeah Song
Best of Rock Vol. XXXVIII,18,Omar Rodriguez-Lopez,The Palpatations Form a Limit
Best of Rock Vol. XXXVIII,19,Silver Jews,Rebel Jew
Best of Rock Vol. XXXVIII,20,Tom Waits,Big Black Mariah
Best of Rock Vol. XXXVIII,21,Wolf Parade,We Built Another World
Best of Rock Vol. XXXVIII,22,AC Newman,Miracle Drug
Best of Rock Vol. XXXIX,1,Joy Division,Warsaw
Best of Rock Vol. XXXIX,2,Bauhaus,Bela Lugosi's Dead
Best of Rock Vol. XXXIX,3,Nine Inch Nails,Sin
Best of Rock Vol. XXXIX,4,Ladytron,Nuhorizons
Best of Rock Vol. XXXIX,5,Thom Yorke,Black Swan
Best of Rock Vol. XXXIX,6,The Flaming Lips,The W.A.N.D.
Best of Rock Vol. XXXIX,7,Deerhoof,"O'Malley, Former Underdog"
Best of Rock Vol. XXXIX,8,Cat Power,Cross Bones Style
Best of Rock Vol. XXXIX,9,Sonic Youth,Jams Run Free
Best of Rock Vol. XXXIX,10,Broken Social Scene,Cause = Time
Best of Rock Vol. XXXIX,11,Spoon,They Never Got You
Best of Rock Vol. XXXIX,12,The Walkmen,Little House of Savages
Best of Rock Vol. XXXIX,13,Secret Machines,I Hate Pretending
Best of Rock Vol. XXXIX,14,...And You Will Know Us by the Trail of Dead,Baudelaire
Best of Rock Vol. XXXIX,15,Tool,Lost Keys (Blame Hofmann)
Best of Rock Vol. XXXIX,16,Tool,Rosetta Stoned
Best of Rock Vol. XL,1,Cream,Sunshine of Your Love
Best of Rock Vol. XL,2,Joy Division,Transmission
Best of Rock Vol. XL,3,Bauhaus,Ziggy Stardust
Best of Rock Vol. XL,4,Gang of Four,To Hell With Poverty
Best of Rock Vol. XL,5,Os Mutantes,A Minha Menina
Best of Rock Vol. XL,6,TV on the Radio,Wolf Like Me
Best of Rock Vol. XL,7,The Mars Volta,Vermicide
Best of Rock Vol. XL,8,Sonic Youth,Incinerate
Best of Rock Vol. XL,9,The White Stripes,Hotel Yorba
Best of Rock Vol. XL,10,Iggy Pop,The Passenger
Best of Rock Vol. XL,11,Pink Floyd,Interstellar Overdrive
Best of Rock Vol. XL,12,Syd Barrett,Opel
Best of Rock Vol. XL,13,Guided By Voices,Buzzards and Dreadful Crows
Best of Rock Vol. XL,14,New Order,Temptation
Best of Rock Vol. XL,15,The Cure,Disintegration
Best of Rock Vol. XL,16,Jimi Hendrix,Voodoo Child (Slight Return)
Best of Rock Vol. XLI,1,Muse,Starlight
Best of Rock Vol. XLI,2,Mission of Burma,That's When I Reach for My Revolver
Best of Rock Vol. XLI,3,Tapes 'n Tapes,Insistor
Best of Rock Vol. XLI,4,The Flaming Lips,She Don't Use Jelly
Best of Rock Vol. XLI,5,TV on the Radio,A Method
Best of Rock Vol. XLI,6,Gnarls Barkley,Gone Daddy Gone
Best of Rock Vol. XLI,7,Ciccone Youth,Into the Groovey
Best of Rock Vol. XLI,8,Massive Attack,Butterfly Caught
Best of Rock Vol. XLI,9,Tricky,Aftermath
Best of Rock Vol. XLI,10,Bauhaus,God In An Alcove
Best of Rock Vol. XLI,11,Os Mutantes,Bat Macumba
Best of Rock Vol. XLI,12,Syd Barrett,Dark Globe
Best of Rock Vol. XLI,13,Boards of Canada,In a Beautiful Place Out in the Country
Best of Rock Vol. XLI,14,Lali Puna,People I Know
Best of Rock Vol. XLI,15,Love and Rockets,Kundalini Express
Best of Rock Vol. XLI,16,Sonic Youth,What a Waste
Best of Rock Vol. XLI,17,Modest Mouse,Paper Thin Walls
Best of Rock Vol. XLI,18,Pixies,Broken Face
Best of Rock Vol. XLI,19,The Books,All Bad Ends All
Best of Rock Vol. XLII,1,At the Drive-In,Ticklish
Best of Rock Vol. XLII,2,Tapes 'n Tapes,Cowbell
Best of Rock Vol. XLII,3,Muse,Supermassive Black Hole
Best of Rock Vol. XLII,4,The Mars Volta,Meccamputechture
Best of Rock Vol. XLII,5,Radiohead,Just
Best of Rock Vol. XLII,6,Tom Waits,Jockey Full of Bourbon
Best of Rock Vol. XLII,7,Beck,Broken Drum (Boards of Canada remix)
Best of Rock Vol. XLII,8,Pink Floyd,Jugband Blues
Best of Rock Vol. XLII,9,Led Zeppelin,Bron-Y-Aur Stomp
Best of Rock Vol. XLII,10,Talking Heads,Life During Wartime
Best of Rock Vol. XLII,11,Kraftwerk,Pocket Calculator
Best of Rock Vol. XLII,12,Pere Ubu,Final Solution
Best of Rock Vol. XLII,13,TV on the Radio,Hours
Best of Rock Vol. XLII,14,Liars,It Fit When I Was a Kid
Best of Rock Vol. XLII,15,Secret Machines,Lightning Blue Eyes
Best of Rock Vol. XLII,16,My Bloody Valentine,When You Sleep
Best of Rock Vol. XLII,17,Portishead,Sour Times
Best of Rock Vol. XLIII,1,Miss Kittin & the Hacker,Frank Sinatra
Best of Rock Vol. XLIII,2,Tricky,Evolution Revolution Love
Best of Rock Vol. XLIII,3,Tom Waits,16 Shells from a Thirty Ought Six
Best of Rock Vol. XLIII,4,The Walkmen,New Year's Eve
Best of Rock Vol. XLIII,5,The Flaming Lips,A Spoonful Weighs a Ton
Best of Rock Vol. XLIII,6,TV on the Radio,Let the Devil In
Best of Rock Vol. XLIII,7,Yo La Tengo,"Pass the Hatchet, I Think I'm Goodkind"
Best of Rock Vol. XLIII,8,Sonic Youth,Tom Violence
Best of Rock Vol. XLIII,9,...And You Will Know Us by the Trail of Dead,Will You Smile Again?
Best of Rock Vol. XLIII,10,Big Black,The Model
Best of Rock Vol. XLIII,11,KMFDM,Hau Ruck
Best of Rock Vol. XLIII,12,Mission of Burma,Outlaw
Best of Rock Vol. XLIII,13,The Smiths,"Frankly, Mr. Shankly"
Best of Rock Vol. XLIII,14,Pink Floyd,Flaming
Best of Rock Vol. XLIII,15,Syd Barrett,Baby Lemonade
Best of Rock Vol. XLIII,16,Talking Heads,Once in a Lifetime
Best of Rock Vol. XLIII,17,Radiohead,No Surprises
Best of Rock Vol. XLIII,18,Muse,Knights of Cydonia
Best of Rock Vol. XLIV,1,Jimi Hendrix,Purple Haze
Best of Rock Vol. XLIV,2,Led Zeppelin,Immigrant Song
Best of Rock Vol. XLIV,3,Tom Waits,Lie to Me
Best of Rock Vol. XLIV,4,Echo & the Bunnymen,The Cutter
Best of Rock Vol. XLIV,5,The Velvet Underground,Sunday Morning
Best of Rock Vol. XLIV,6,Jefferson Airplane,White Rabbit
Best of Rock Vol. XLIV,7,The Zombies,Time of the Season
Best of Rock Vol. XLIV,8,Elton John,Tiny Dancer
Best of Rock Vol. XLIV,9,David Bowie,The Man Who Sold the World
Best of Rock Vol. XLIV,10,Johnny Cash,The Man in Black
Best of Rock Vol. XLIV,11,Bob Dylan,Like a Rolling Stone
Best of Rock Vol. XLIV,12,John Lennon,Working Class Hero
Best of Rock Vol. XLIV,13,The Beatles,A Day in the Life
Best of Rock Vol. XLIV,14,Syd Barrett,Dominoes
Best of Rock Vol. XLIV,15,Pink Floyd,Learning to Fly
Best of Rock Vol. XLIV,16,David Gilmour,On An Island
Best of Rock Vol. XLIV,17,Black Sabbath,Planet Caravan
Best of Rock Vol. XLIV,18,The Stooges,1970
Best of Rock Vol. XLV,1,Interpol,The Heinrich Maneuver
Best of Rock Vol. XLV,2,!!!,Pardon My Freedom
Best of Rock Vol. XLV,3,Man Man,Engwish Bwudd
Best of Rock Vol. XLV,4,Of Montreal,Heimdalsgate Like a Promethean Curse
Best of Rock Vol. XLV,5,The White Stripes,Astro
Best of Rock Vol. XLV,6,Battles,Atlas
Best of Rock Vol. XLV,7,Grizzly Bear,Knife
Best of Rock Vol. XLV,8,Arcade Fire,Black Mirror
Best of Rock Vol. XLV,9,...And You Will Know Us by the Trail of Dead,Gold Heart Mountain
Best of Rock Vol. XLV,10,Rusted Root,Ecstacy
Best of Rock Vol. XLV,11,Nine Inch Nails,The Beginning of the End
Best of Rock Vol. XLV,12,Queens of the Stone Age,Lost Art of Keeping a Secret
Best of Rock Vol. XLV,13,Sublime,"April 29, 1992"
Best of Rock Vol. XLV,14,Devo,Mongoloid
Best of Rock Vol. XLV,15,Richard Hell & the Voivods,Blank Generation
Best of Rock Vol. XLV,16,The Black Keys,Till I Get My Way
Best of Rock Vol. XLV,17,Slint,"Good Morning, Captain"
Best of Rock Vol. XLV,18,Sonic Youth,Karen Revisited
Best of Rock Vol. XLVI,1,Nomo,Nu Tones
Best of Rock Vol. XLVI,2,Jamie Lidell,When I Come Back Around
Best of Rock Vol. XLVI,3,Of Montreal,Gronlandic Edit
Best of Rock Vol. XLVI,4,!!!,Bend Over Beethoven (live @ the Magic Stick 5-11-07)
Best of Rock Vol. XLVI,5,Battles,Rainbow
Best of Rock Vol. XLVI,6,Slint,Nosferatu Man
Best of Rock Vol. XLVI,7,Interpol,The Scale
Best of Rock Vol. XLVI,8,The White Stripes,300 M.P.H. Torrential Outpour Blues
Best of Rock Vol. XLVI,9,Spoon,Don't Make Me a Target
Best of Rock Vol. XLVI,10,Sonic Youth,Hey Joni
Best of Rock Vol. XLVI,11,The Clash,Know Your Rights
Best of Rock Vol. XLVI,12,Menomena,The Pelican
Best of Rock Vol. XLVI,13,Band of Horses,The Funeral
Best of Rock Vol. XLVI,14,Matthew Dear,Deserter
Best of Rock Vol. XLVI,15,Out Hud,The Song So Good They Named It
Best of Rock Vol. XLVII,1,The Flaming Lips,Do You Realize??
Best of Rock Vol. XLVII,2,Professor Murder,Free Stress Test
Best of Rock Vol. XLVII,3,Muse,Map of the Problematique
Best of Rock Vol. XLVII,4,The White Stripes,Little Cream Soda
Best of Rock Vol. XLVII,5,Interpol,Mammoth
Best of Rock Vol. XLVII,6,Of Montreal,Wraith Pinned to the Mist and Other Games
Best of Rock Vol. XLVII,7,!!!,A New Name
Best of Rock Vol. XLVII,8,Battles,Leyendecker
Best of Rock Vol. XLVII,9,Coil,Babylero
Best of Rock Vol. XLVII,10,Miss Kittin & the Hacker,Hometown
Best of Rock Vol. XLVII,11,Simian Mobile Disco,Hustler
Best of Rock Vol. XLVII,12,Air,Mer du Japon
Best of Rock Vol. XLVII,13,Jamie Lidell,Multiply
Best of Rock Vol. XLVII,14,Nomo,Hand and Mouth
Best of Rock Vol. XLVII,15,New Order,Ceremony
Best of Rock Vol. XLVII,16,The 13th Floor Elevators,You're Gonna Miss Me
Best of Rock Vol. XLVII,17,The Olivia Tremor Control,A Sleepy Company
Best of Rock Vol. XLVII,18,Arcade Fire,Keep the Car Running
Best of Rock Vol. XLVII,19,Caribou,Bees
Best of Rock Vol. XLVIII,1,Bob Dylan,Subterranean Homesick Blues
Best of Rock Vol. XLVIII,2,Peter Bjorn and John,Young Folks
Best of Rock Vol. XLVIII,3,Clap Your Hands Say Yeah,Satan Said Dance
Best of Rock Vol. XLVIII,4,The National,Mistaken for Strangers
Best of Rock Vol. XLVIII,5,Modest Mouse,Dashboard
Best of Rock Vol. XLVIII,6,Spoon,The Underdog
Best of Rock Vol. XLVIII,7,!!!,Heart of Hearts
Best of Rock Vol. XLVIII,8,Holy Fuck,Lovely Allen
Best of Rock Vol. XLVIII,9,The White Stripes,A Martyr for My Love for You
Best of Rock Vol. XLVIII,10,Arcade Fire,(Antichrist Television Blues)
Best of Rock Vol. XLVIII,11,Interpol,Pioneer to the Fall
Best of Rock Vol. XLVIII,12,hollAND,Anna Winter Stasi
Best of Rock Vol. XLVIII,13,Radiohead,Jigsaw Falling Into Place
Best of Rock Vol. XLVIII,14,The Shins,Phantom Limb
Best of Rock Vol. XLVIII,15,Television,Little Johnny Jewel
Best of Rock Vol. XLVIII,16,Bob Dylan,Hurricane
Best of Rock Vol. XLIX,1,Led Zeppelin,"Good Times, Bad Times"
Best of Rock Vol. XLIX,2,Led Zeppelin,Dazed and Confused
Best of Rock Vol. XLIX,3,Led Zeppelin,Heartbreaker
Best of Rock Vol. XLIX,4,Led Zeppelin,Ramble On
Best of Rock Vol. XLIX,5,Led Zeppelin,Immigrant Song
Best of Rock Vol. XLIX,6,Led Zeppelin,Friends
Best of Rock Vol. XLIX,7,Led Zeppelin,Tangerine
Best of Rock Vol. XLIX,8,Led Zeppelin,That's the Way
Best of Rock Vol. XLIX,9,Led Zeppelin,Bron Y'Aur Stomp
Best of Rock Vol. XLIX,10,Led Zeppelin,Rock and Roll
Best of Rock Vol. XLIX,11,Led Zeppelin,Misty Mountain Hop
Best of Rock Vol. XLIX,12,Led Zeppelin,When the Levee Breaks
Best of Rock Vol. XLIX,13,Led Zeppelin,The Song Remains the Same
Best of Rock Vol. XLIX,14,Led Zeppelin,Trampled Under Foot
Best of Rock Vol. XLIX,15,Led Zeppelin,Achilles Last Stand
Best of Rock Vol. XLIX,16,Led Zeppelin,Fool in the Rain
Best of Rock Vol. L,1,Devendra Banhart,This Beard is for Siobhan
Best of Rock Vol. L,2,Radiohead,House of Cards
Best of Rock Vol. L,3,Portishead,We Carry On
Best of Rock Vol. L,4,Spoon,Finer Feelings
Best of Rock Vol. L,5,Neil Young,Dirty Old Man
Best of Rock Vol. L,6,Tom Waits,Goin' Out West
Best of Rock Vol. L,7,Deerhunter,Cryptograms
Best of Rock Vol. L,8,Fujiya & Miyagi,Collarbone
Best of Rock Vol. L,9,Black Moth Super Rainbow,Rollerdisco
Best of Rock Vol. L,10,Peter Bjorn and John,Paris 2004
Best of Rock Vol. L,11,Dudley Saunders,The Undoing (Everyday)
Best of Rock Vol. L,12,Andrew Bird,The Trees Were Mistaken
Best of Rock Vol. L,13,Blur,Death of a Party
Best of Rock Vol. L,14,Jamie Lidell,A Little Bit More
Best of Rock Vol. L,15,Man Man,Gold Teeth
Best of Rock Vol. L,16,Mission of Burma,Secrets
Best of Rock Vol. L,17,David Bowie,Hang On to Yourself
Best of Rock Vol. L,18,Nick Cave & the Bad Seeds,Stagger Lee
Best of Rock Vol. LI,1,John Vanderslice,Exodus Damage
Best of Rock Vol. LI,2,The National,Apartment Story
Best of Rock Vol. LI,3,Spoon,Don't You Evah
Best of Rock Vol. LI,4,Radiohead,Reckoner
Best of Rock Vol. LI,5,Cut Copy,Lights & Music
Best of Rock Vol. LI,6,Portishead,Machine Gun
Best of Rock Vol. LI,7,Sonic Youth,Sugar Kane
Best of Rock Vol. LI,8,Oxford Collapse,Please Visit Your National Parks
Best of Rock Vol. LI,9,Broken Social Scene,Handjobs for the Holidays
Best of Rock Vol. LI,10,Peter Bjorn and John,Amsterdam
Best of Rock Vol. LI,11,Yo La Tengo,The Weakest Part
Best of Rock Vol. LI,12,Sufjan Stevens,Henney Buggy Band
Best of Rock Vol. LI,13,Nomo,Reasons
Best of Rock Vol. LI,14,The Velvet Underground,I'm Waiting for the Man
Best of Rock Vol. LI,15,Bob Dylan,Tombstone Blues
Best of Rock Vol. LI,16,The Beatles,Within You Without You
Best of Rock Vol. LI,17,Tom Waits,Murder in the Red Barn
Best of Rock Vol. LII,1,Andrew Bird,Imitosis
Best of Rock Vol. LII,2,Brendan Canning,Love Is New
Best of Rock Vol. LII,3,Apples in Stereo,Energy
Best of Rock Vol. LII,4,Spoon,You Got Yr. Cherry Bomb
Best of Rock Vol. LII,5,Radiohead,I Might Be Wrong
Best of Rock Vol. LII,6,Ambulance LTD,Primitive (The Way I Treat You)
Best of Rock Vol. LII,7,The Hold Steady,Sequestered in Memphis
Best of Rock Vol. LII,8,Caribou,Melody Day
Best of Rock Vol. LII,9,Yeasayer,2080
Best of Rock Vol. LII,10,The Dodos,Jodi
Best of Rock Vol. LII,11,Devendra Banhart,Rejoicing in the Hands
Best of Rock Vol. LII,12,Broken Social Scene,Major Label Debut
Best of Rock Vol. LII,13,No Age,Eraser
Best of Rock Vol. LII,14,The Black Keys,All Hands Against His Own
Best of Rock Vol. LII,15,Kevin Drew,Frightening Lives
Best of Rock Vol. LII,16,The National,Racing Like a Pro
Best of Rock Vol. LII,17,Extra Golden,Obama
Best of Rock Vol. LII,18,The White Stripes,Effect and Cause
Best of Rock Vol. LIII,1,The National,Mr. November
Best of Rock Vol. LIII,2,Spoon,Mountain to Sound
Best of Rock Vol. LIII,3,The Raconteurs,Broken Boy Soldier
Best of Rock Vol. LIII,4,The Black Keys,I Got Mine
Best of Rock Vol. LIII,5,The Walkmen,In the New Year
Best of Rock Vol. LIII,6,Liars,Drum and the Uncomfortable Can
Best of Rock Vol. LIII,7,Sonic Youth,Schizophrenia
Best of Rock Vol. LIII,8,Radiohead,You and Whose Army?
Best of Rock Vol. LIII,9,TV on the Radio,Young Liars
Best of Rock Vol. LIII,10,Thom Yorke,Cymbal Rush
Best of Rock Vol. LIII,11,The Dodos,Fools
Best of Rock Vol. LIII,12,Flogging Molly,Float
Best of Rock Vol. LIII,13,Man Man,Van Helsing Boombox
Best of Rock Vol. LIII,14,The Flaming Lips,My Cosmic Autumn Rebellion
Best of Rock Vol. LIII,15,Yo La Tengo,The Race is on Again
Best of Rock Vol. LIII,16,The Zutons,Zuton Fever
Best of Rock Vol. LIII,17,Primal Scream,Stuka
Best of Rock Vol. LIV,1,Nick Cave & the Bad Seeds,Albert Goes West
Best of Rock Vol. LIV,2,Iggy Pop,Sixteen
Best of Rock Vol. LIV,3,The Rolling Stones,Sympathy for the Devil
Best of Rock Vol. LIV,4,Panda Bear,Comfy in Nautica
Best of Rock Vol. LIV,5,Holy Fuck,Frenchy's
Best of Rock Vol. LIV,6,Spoon,Stay Don't Go
Best of Rock Vol. LIV,7,The National,Baby We'll Be Fine
Best of Rock Vol. LIV,8,TV on the Radio,Crying
Best of Rock Vol. LIV,9,Radiohead,15 Step
Best of Rock Vol. LIV,10,Sonic Youth,Chapel Hill
Best of Rock Vol. LIV,11,Mogwai,Acid Food
Best of Rock Vol. LIV,12,The Sea and Cake,Weekend
Best of Rock Vol. LIV,13,Bob Dylan,"It's Alright, Ma (I'm Only Bleeding)"
Best of Rock Vol. LIV,14,Tunng,Bullets
Best of Rock Vol. LIV,15,Nomo,Rings
Best of Rock Vol. LIV,16,Tortoise,The Taut and Tame
Best of Rock Vol. LIV,17,Cloudland Canyon,Krautwerk
Best of Rock Vol. LV,1,Yeasayer,Sunrise
Best of Rock Vol. LV,2,M83,Kim & Jessie
Best of Rock Vol. LV,3,The Antlers,Two
Best of Rock Vol. LV,4,Grizzly Bear,"On a Neck, On a Spit"
Best of Rock Vol. LV,5,The National,About Today
Best of Rock Vol. LV,6,Cage the Elephant,Ain't No Rest for the Wicked
Best of Rock Vol. LV,7,Dan Auerbach,My Last Mistake
Best of Rock Vol. LV,8,The Walkmen,Donde Esta La Playa
Best of Rock Vol. LV,9,Band of Horses,No One's Gonna Love You
Best of Rock Vol. LV,10,Lou Reed,Mad
Best of Rock Vol. LV,11,Built to Spill,Center of the Universe
Best of Rock Vol. LV,12,Yo La Tengo,Tom Courtenay
Best of Rock Vol. LV,13,Blitzen Trapper,God & Suicide
Best of Rock Vol. LV,14,Bat for Lashes,What's a Girl To Do?
Best of Rock Vol. LV,15,Ra Ra Riot,Dying Is Fine
Best of Rock Vol. LV,16,The Pains of Being Pure at Heart,Young Adult Friction
Best of Rock Vol. LV,17,The Flaming Lips,Enthusiasm for Life Defeats Existential Fear
Best of Rock Vol. LV,18,Tortoise,Glass Museum
Best of Rock Vol. LV,19,Jane's Addiction,Jane Says
Best of Rock Vol. LVI,1,The Dodos,Fables
Best of Rock Vol. LVI,2,The National,So Far Around the Bend
Best of Rock Vol. LVI,3,Grizzly Bear,Two Weeks
Best of Rock Vol. LVI,4,Radiohead,These Are My Twisted Words
Best of Rock Vol. LVI,5,Phoenix,Lisztomania
Best of Rock Vol. LVI,6,Junior Boys,In the Morning
Best of Rock Vol. LVI,7,MGMT,Kids (Soulwax remix)
Best of Rock Vol. LVI,8,The Dead Weather,I Cut Like a Buffalo
Best of Rock Vol. LVI,9,Alberta Cross,The Thief & the Heartbreaker
Best of Rock Vol. LVI,10,Band of Horses,Detlef Schrempf
Best of Rock Vol. LVI,11,The Rural Alberta Advantage,Edmonton
Best of Rock Vol. LVI,12,Menomena,Weird
Best of Rock Vol. LVI,13,White Rabbits,Kid On My Shoulders
Best of Rock Vol. LVI,14,Dr. Dog,From
Best of Rock Vol. LVI,15,Spoon,Anything You Want
Best of Rock Vol. LVI,16,The Velvet Underground,Sweet Jane
Best of Rock Vol. LVI,17,Bob Dylan,Beyond Here Lies Nothin'
Best of Rock Vol. LVI,18,Nomo,Crescent
Best of Rock Vol. LVII,1,Black Moth Super Rainbow,Born on a Day the Sun Didn't Rise
Best of Rock Vol. LVII,2,Tobacco,Truck Sweat
Best of Rock Vol. LVII,3,Cut Copy,Future
Best of Rock Vol. LVII,4,Hercules & Love Affair,Blind
Best of Rock Vol. LVII,5,MGMT,Time to Pretend
Best of Rock Vol. LVII,6,Sebastian Tellier,Divine
Best of Rock Vol. LVII,7,jj,Ecstasy
Best of Rock Vol. LVII,8,Fever Ray,If I Had a Heart
Best of Rock Vol. LVII,9,Coil,Slur
Best of Rock Vol. LVII,10,A Place to Bury Strangers,Keep Slipping Away
Best of Rock Vol. LVII,11,The Flaming Lips,See the Leaves
Best of Rock Vol. LVII,12,Radiohead,We Suck Young Blood
Best of Rock Vol. LVII,13,Yeasayer,Ambling Alp
Best of Rock Vol. LVII,14,The xx,Heart Skipped a Beat
Best of Rock Vol. LVII,15,Phoenix,Lasso
Best of Rock Vol. LVII,16,Spoon,Small Stakes
Best of Rock Vol. LVII,17,The National,Slipping Husband
Best of Rock Vol. LVII,18,TV on the Radio,Love Dog
Best of Rock Vol. LVII,19,The Velvet Underground,Rock & Roll
Best of Rock Vol. LVIII,1,Phoenix,1901
Best of Rock Vol. LVIII,2,Cody ChestnuTT,The Seed
Best of Rock Vol. LVIII,3,MGMT,Electric Feel
Best of Rock Vol. LVIII,4,TV on the Radio,Dancing Choose
Best of Rock Vol. LVIII,5,Black Lips,Short Fuse
Best of Rock Vol. LVIII,6,Spoon,Sister Jack
Best of Rock Vol. LVIII,7,The National,All the Wine
Best of Rock Vol. LVIII,8,Radiohead,A Punchup at a Wedding
Best of Rock Vol. LVIII,9,Lou Reed,Satellite of Love
Best of Rock Vol. LVIII,10,The Antlers,Bear
Best of Rock Vol. LVIII,11,The Flaming Lips,Watching the Planets
Best of Rock Vol. LVIII,12,Neon Indian,Should Have Taken Acid With You
Best of Rock Vol. LVIII,13,Devendra Banhart,Chin Chin & Muck Muck
Best of Rock Vol. LVIII,14,Akron/Family,Everyone is Guilty
Best of Rock Vol. LVIII,15,Alec Ounsworth,"Me and You, Watson"
Best of Rock Vol. LVIII,16,Dan Auerbach,I Want Some More
Best of Rock Vol. LVIII,17,Yo La Tengo,Here to Fall
Best of Rock Vol. LVIII,18,Warren Zevon,Werewolves of London
Best of Rock Vol. LVIII,19,The Velvet Underground,Oh! Sweet Nuthin'
Best of Rock Vol. LIX,1,Hot Chip,Over & Over
Best of Rock Vol. LIX,2,LCD Soundsystem,Losing My Edge
Best of Rock Vol. LIX,3,Love & Rockets,So Alive
Best of Rock Vol. LIX,4,Yeasayer,O.N.E.
Best of Rock Vol. LIX,5,Spoon,Written In Reverse
Best of Rock Vol. LIX,6,The National,Bloodbuzz Ohio
Best of Rock Vol. LIX,7,Broken Social Scene,Meet Me in the Basement
Best of Rock Vol. LIX,8,The Black Keys,Next Girl
Best of Rock Vol. LIX,9,The Dead Weather,Blue Blood Blues
Best of Rock Vol. LIX,10,Miles Benjamin Anthony Robinson,Buriedfed
Best of Rock Vol. LIX,11,Broken Bells,The High Road
Best of Rock Vol. LIX,12,MGMT,Song for Dan Treacy
Best of Rock Vol. LIX,13,Gorillaz,Some Kind of Nature
Best of Rock Vol. LIX,14,Bon Iver,Skinny Love
Best of Rock Vol. LIX,15,Alberta Cross,Old Man Chicago
Best of Rock Vol. LIX,16,Liars,Scissor
Best of Rock Vol. LIX,17,Them Crooked Vultures,Spinning in Daffodils
Best of Rock Vol. LX,1,Phoenix,Long Distance Call
Best of Rock Vol. LX,2,Caribou,Sun
Best of Rock Vol. LX,3,Gorillaz,Rhinestone Eyes
Best of Rock Vol. LX,4,!!!,The Hammer
Best of Rock Vol. LX,5,Arcade Fire,Ready to Start
Best of Rock Vol. LX,6,Menomena,Taos
Best of Rock Vol. LX,7,Local Natives,Airplanes
Best of Rock Vol. LX,8,Here We Go Magic,Fangela
Best of Rock Vol. LX,9,Devendra Banhart,I Feel Just Like a Child
Best of Rock Vol. LX,10,Mayer Hawthorne,One Track Mind
Best of Rock Vol. LX,11,The Constellations,Perfect Day
Best of Rock Vol. LX,12,Broken Social Scene,Texico Bitches
Best of Rock Vol. LX,13,Spoon,The Mystery Zone
Best of Rock Vol. LX,14,The National,Anyone's Ghost
Best of Rock Vol. LX,15,Blitzen Trapper,Black River Killer
Best of Rock Vol. LX,16,Modest Mouse,King Rat
Best of Rock Vol. LX,17,Wolf Parade,Kissing the Beehive
Best of Rock Vol. LXI,1,Lindstrøm & Christabelle,Lovesick
Best of Rock Vol. LXI,2,Spoon,The Way We Get By
Best of Rock Vol. LXI,3,Arcade Fire,We Used to Wait
Best of Rock Vol. LXI,4,TV on the Radio,DLZ
Best of Rock Vol. LXI,5,Edward Sharpe & the Magnetic Zeroes,Home
Best of Rock Vol. LXI,6,The Black Keys,Tighten Up
Best of Rock Vol. LXI,7,Grinderman,No Pussy Blues
Best of Rock Vol. LXI,8,The National,Available
Best of Rock Vol. LXI,9,Radiohead,The National Anthem
Best of Rock Vol. LXI,10,The Besnard Lakes,And This Is What We Call Progress
Best of Rock Vol. LXI,11,Phoenix,Consolation Prizes
Best of Rock Vol. LXI,12,Fujiya & Miyagi,Uh
Best of Rock Vol. LXI,13,Yeasayer,Madder Red
Best of Rock Vol. LXI,14,Local Natives,Warning Sign
Best of Rock Vol. LXI,15,Fleet Foxes,Your Protector
Best of Rock Vol. LXI,16,Broken Social Scene,Forced to Love
Best of Rock Vol. LXI,17,Band of Horses,Weed Party
Best of Rock Vol. LXI,18,Frightened Rabbit,The Loneliness and the Scream
Best of Rock Vol. LXI,19,Bear In Heaven,Lovesick Teenagers
Best of Rock Vol. LXI,20,The Walkmen,Red Moon
Best of Rock Vol. LXII,1,TV on the Radio,Will Do
Best of Rock Vol. LXII,2,Radiohead,Lotus Flower
Best of Rock Vol. LXII,3,Edward Sharpe & the Magnetic Zeroes,Janglin'
Best of Rock Vol. LXII,4,Frightened Rabbit,Swim Until You Can't See Land
Best of Rock Vol. LXII,5,Beck,Gamma Ray
Best of Rock Vol. LXII,6,Built to Spill,Carry the Zero
Best of Rock Vol. LXII,7,The Raconteurs,Level
Best of Rock Vol. LXII,8,Tame Impala,Solitude Is Bliss
Best of Rock Vol. LXII,9,Interpol,Narc
Best of Rock Vol. LXII,10,Local Natives,Sun Hands
Best of Rock Vol. LXII,11,Arctic Monkeys,Fake Tales of San Francisco
Best of Rock Vol. LXII,12,Gorillaz,On Melancholy Hill
Best of Rock Vol. LXII,13,Holy Fuck,Red Lights
Best of Rock Vol. LXII,14,Band of Horses,Wicked Gil
Best of Rock Vol. LXII,15,Alberta Cross,Broken Side of Time
Best of Rock Vol. LXII,16,Akron/Family,"Don't Be Afraid, You're Already Dead"
Best of Rock Vol. LXII,17,Arcade Fire,Sprawl II (Mountains Beyond Mountains)
Best of Rock Vol. LXII,18,LCD Soundsystem,Home
Best of Rock Vol. LXIII,1,The Kills,Heart is a Beating Drum
Best of Rock Vol. LXIII,2,Smith Westerns,Weekend
Best of Rock Vol. LXIII,3,Black Lips,Bad Kids
Best of Rock Vol. LXIII,4,Phoenix,Run Run Run
Best of Rock Vol. LXIII,5,Cults,Go Outside
Best of Rock Vol. LXIII,6,Phantogram,Mouthful of Diamonds
Best of Rock Vol. LXIII,7,Foster the People,Pumped Up Kicks
Best of Rock Vol. LXIII,8,The Rapture,Whoo! Alright Yeah... Uh Huh
Best of Rock Vol. LXIII,9,Fitz & the Tantrums,Moneygrabber
Best of Rock Vol. LXIII,10,The Temper Trap,Sweet Disposition
Best of Rock Vol. LXIII,11,Tame Impala,Desire Be Desire Go
Best of Rock Vol. LXIII,12,TAB the Band,She Said No (I Love You)
Best of Rock Vol. LXIII,13,Radiohead,Morning Mr. Magpie
Best of Rock Vol. LXIII,14,TV on the Radio,You
Best of Rock Vol. LXIII,15,The National,Terrible Love (alternate version)
Best of Rock Vol. LXIII,16,White Rabbits,The Plot
Best of Rock Vol. LXIII,17,The Dodos,Black Night
Best of Rock Vol. LXIII,18,The Joy Formidable,Whirring
Best of Rock Vol. LXIII,19,Noah and the Whale,5 Years Time
Best of Rock Vol. LXIV,1,Thee Oh Sees,I Need Seed
Best of Rock Vol. LXIV,2,White Rabbits,Temporary
Best of Rock Vol. LXIV,3,Howler,Back of Your Neck
Best of Rock Vol. LXIV,4,Hospital Ships,I Want It to Get Out
Best of Rock Vol. LXIV,5,The Big Pink,Velvet
Best of Rock Vol. LXIV,6,Pond,Moth Wings
Best of Rock Vol. LXIV,7,Mikal Cronin,Is It Alright
Best of Rock Vol. LXIV,8,White Denim,Mess Your Hair Up
Best of Rock Vol. LXIV,9,Tame Impala,Elephant
Best of Rock Vol. LXIV,10,Outer Minds,Ordinary
Best of Rock Vol. LXIV,11,Ty Segall Band,I Bought My Eyes
Best of Rock Vol. LXIV,12,Wilco,I Might
Best of Rock Vol. LXIV,13,Radio Moscow,Lucky Dutch
Best of Rock Vol. LXIV,14,Kasabian,Club Foot
Best of Rock Vol. LXIV,15,Beck,Go It Alone
Best of Rock Vol. LXIV,16,Black Lips,Modern Art
Best of Rock Vol. LXIV,17,Parquet Courts,Borrowed Time
Best of Rock Vol. LXIV,18,The Strokes,Tap Out
Best of Rock Vol. LXIV,19,Wooden Shjips,Lazy Bones
Best of Rock Vol. LXIV,20,Wavves,Hippies Is Punks
Best of Rock Vol. LXV,1,King Tuff,Psycho Star
Best of Rock Vol. LXV,2,The Voidz,All Wordz Are Made Up
Best of Rock Vol. LXV,3,"Albert Hammond, Jr.",Far Away Truths
Best of Rock Vol. LXV,4,Ty Segall,Every 1's a Winner
Best of Rock Vol. LXV,5,The Jim Carroll Band,People Who Died
Best of Rock Vol. LXV,6,Interpol,The Rover
Best of Rock Vol. LXV,7,Ought,Disgraced In America
Best of Rock Vol. LXV,8,Surfer Blood,Six Flags in F or G
Best of Rock Vol. LXV,9,Kurt Vile,Loading Zones
Best of Rock Vol. LXV,10,The Handsome Family,Weightless Again
Best of Rock Vol. LXV,11,Jonathan Wilson,Trafalgar Square
Best of Rock Vol. LXV,12,Wolf Alice,Moaning Lisa Smile
Best of Rock Vol. LXV,13,Biting Elbows,Bad Motherfucker
Best of Rock Vol. LXV,14,The Vaccines,If You Wanna
Best of Rock Vol. LXV,15,The Growlers,Vacant Lot
Best of Rock Vol. LXV,16,The Peach Kings,Thieves & Kings
Best of Rock Vol. LXV,17,Ron Gallo,"Young Lady, You're Scaring Me"
Best of Rock Vol. LXV,18,Parquet Courts,Total Football
Best of Rock Vol. LXV,19,Easy Giant,Another Sun
Best of Rock Vol. LXVI,1,IDLES,Danny Nedelko
Best of Rock Vol. LXVI,2,Thee Oh Sees,C
Best of Rock Vol. LXVI,3,Shame,Concrete
Best of Rock Vol. LXVI,4,Ty Segall,Girlfriend
Best of Rock Vol. LXVI,5,Algiers,Black Eunuch
Best of Rock Vol. LXVI,6,Beyond the Wizards Sleeve,Iron Age
Best of Rock Vol. LXVI,7,Viagra Boys,Sports
Best of Rock Vol. LXVI,8,Rolling Blackouts Coastal Fever,Talking Straight
Best of Rock Vol. LXVI,9,Iceage,Pain Killer
Best of Rock Vol. LXVI,10,King Gizzard & the Lizard Wizard,Fishing for Fishies
Best of Rock Vol. LXVI,11,The Orwells,They Put a Body in the Bayou
Best of Rock Vol. LXVI,12,Cage the Elephant,Broken Boy
Best of Rock Vol. LXVI,13,The I.L.Y's,Wash My Hands Shorty
Best of Rock Vol. LXVI,14,The Dead Pirates,Clement
Best of Rock Vol. LXVI,15,Heavy Lungs,Blood Brother
Best of Rock Vol. LXVI,16,Fontaines D.C.,Too Real
Best of Rock Vol. LXVI,17,Parquet Courts,Almost Had to Start a Fight/In and Out of Patience
Best of Rock Vol. LXVI,18,Squid,Houseplants
Best of Rock Vol. LXVI,19,Prayers & Christian Death,Cursed Be Thy Blessings
Best of Rock Vol. LXVI,20,The Bennies,Trip Report
Best of Rock Vol. LXVII,1,Kurt Vile,Pretty Pimpin'
Best of Rock Vol. LXVII,2,The War on Drugs,Red Eyes
Best of Rock Vol. LXVII,3,Ought,Beautiful Blue Sky
Best of Rock Vol. LXVII,4,Courtney Barnett,Elevator Operator
Best of Rock Vol. LXVII,5,Modest Mouse,I'm Still Here
Best of Rock Vol. LXVII,6,Milky Chance,Stolen Dance
Best of Rock Vol. LXVII,7,John Frusciante,The Afterglow
Best of Rock Vol. LXVII,8,Bad Scene,Vile
Best of Rock Vol. LXVII,9,Vampire Weekend,Sympathy
Best of Rock Vol. LXVII,10,Thieves Like Us,Drugs in my body
Best of Rock Vol. LXVII,11,Soft Powers,Palm Nights
Best of Rock Vol. LXVII,12,Steve Mason,Walking Away from Love
Best of Rock Vol. LXVII,13,The Drums,Body Chemistry
Best of Rock Vol. LXVII,14,Lou Doillon,Too much
Best of Rock Vol. LXVII,15,Eagles of Death Metal,Family Affair
Best of Rock Vol. LXVII,16,Julien Baker,The Modern Leper
Best of Rock Vol. LXVII,17,Savages,Fuckers
Best of Rock Vol. LXVIII,1,Ghost,Cirice
Best of Rock Vol. LXVIII,2,Mastodon,Show Yourself
Best of Rock Vol. LXVIII,3,Baroness,March to the Sea
Best of Rock Vol. LXVIII,4,Power Trip,Executioner's Tax (Swing of the Axe)
Best of Rock Vol. LXVIII,5,Motorhead,In the Name of Tragedy
Best of Rock Vol. LXVIII,6,Slayer,Dead Skin Mask
Best of Rock Vol. LXVIII,7,Orange Goblin,Red Tide Rising
Best of Rock Vol. LXVIII,8,Rammstein,Deutschland
Best of Rock Vol. LXVIII,9,Mister Heavenly,Bronx Sniper
Best of Rock Vol. LXVIII,10,Ed Schrader's Music Beat,Sermon
Best of Rock Vol. LXVIII,11,Queens of the Stone Age,Little Sister
Best of Rock Vol. LXVIII,12,Mutoid Man,Bridgeburner
Best of Rock Vol. LXVIII,13,Red Fang,Wires
Best of Rock Vol. LXVIII,14,Fuzz,21st Century Schizoid Man
Best of Rock Vol. LXVIII,15,King Gizzard & the Lizard Wizard,Mars for the Rich
Best of Rock Vol. LXVIII,16,Truckfighters,Desert Cruiser
Best of Rock Vol. LXVIII,17,Sleep,Dragonaut
Best of Rock Vol. LXIX,1,Focus,Hocus Pocus
Best of Rock Vol. LXIX,2,Queen,Brighton Rock
Best of Rock Vol. LXIX,3,Golden Earring,Radar Love
Best of Rock Vol. LXIX,4,ZZ Top,Sleeping Bag
Best of Rock Vol. LXIX,5,Babe Ruth,The Mexican
Best of Rock Vol. LXIX,6,Fleetwood Mac,Tusk
Best of Rock Vol. LXIX,7,Tom Petty and the Heartbreakers,American Girl
Best of Rock Vol. LXIX,8,George Harrison,What Is Life
Best of Rock Vol. LXIX,9,Talking Heads,This Must Be the Place (Naive Melody)
Best of Rock Vol. LXIX,10,Harry Nilsson,Jump Into the Fire
Best of Rock Vol. LXIX,11,Rush,The Spirit of the Radio
Best of Rock Vol. LXIX,12,David Bowie,Starman
Best of Rock Vol. LXIX,13,The Modern Lovers,Roadrunner
Best of Rock Vol. LXIX,14,The Kinks,Powerman
Best of Rock Vol. LXIX,15,Elvis Costello & The Attractions,Pump It Up
Best of Rock Vol. LXIX,16,Ace Frehley,New York Groove
Best of Rock Vol. LXIX,17,Faces,Ooh La La
Best of Rock Vol. LXIX,18,Warren Zevon,Excitable Boy
Best of Rock Vol. LXX,1,poolfire,Radio Man
Best of Rock Vol. LXX,2,alt-J,U&ME
Best of Rock Vol. LXX,3,Princess Goes to the Butterfly Museum,Eat an Eraser
Best of Rock Vol. LXX,4,LOOK MUM NO COMPUTER,Mind Over Matter
Best of Rock Vol. LXX,5,Spoon,Wild
Best of Rock Vol. LXX,6,Yves Tumor,Jackie
Best of Rock Vol. LXX,7,TV Priest,Lifesize
Best of Rock Vol. LXX,8,Greg Puciato,Lowered
Best of Rock Vol. LXX,9,Voka Gentle,DREAD/TKOE
Best of Rock Vol. LXX,10,Everything Everything,Bad Friday
Best of Rock Vol. LXX,11,Holy Fuck,Free Gloss
Best of Rock Vol. LXX,12,Khruangbin,B-Side
Best of Rock Vol. LXX,13,Orlando Weeks,Deep Down Way Out
Best of Rock Vol. LXX,14,Twin Shadow,Alemania
Best of Rock Vol. LXX,15,Low Island,What Do You Stand For
Best of Rock Vol. LXX,16,Gardens & Villa,Disco Kitchen
Best of Rock Vol. LXX,17,Sons of Raphael,Yeah Yeah Yeah
Best of Rock Vol. LXX,18,Band of Horses,Crutch
Best of Rock Vol. LXX,19,Grace Mitchell,NoLo
Best of Rock Vol. LXX,20,Fruit Bats,The Bottom of It