Playlist Name,Track #,Artist,Song,Duration,Genre,URL,Album,Year
Best of Rock Vol. I,1,Tool,Eulogy,9:55,Progressive metal,https://open.spotify.com/track/0RVFjx2HwbHcl5SCSADpFP?si=6ad36dcbae4e4409,Ænema,1996
Best of Rock Vol. I,2,Deftones,Change (in the house of flies),4:59,metal,,White Pony,
Best of Rock Vol. I,3,Spineshank,Synthetic,3:07,Nu Metal,,,
Best of Rock Vol. I,4,System of a Down,Toxicity,3:40,metal,,Toxicity,
Best of Rock Vol. I,5,Soundgarden,Black Hole Sun,4:30,Grunge,,,
Best of Rock Vol. I,6,Tool,Prison Sex,5:17,Progressive metal,,,
Best of Rock Vol. I,7,Crazy Town,Toxic,2:48,alternative rock,,,
Best of Rock Vol. I,8,Hoobastank,Crawling in the Dark,2:56,rock,,,
Best of Rock Vol. I,9,Marilyn Manson,The Fight Song,2:56,metal,,,
Best of Rock Vol. I,10,Soulfly,Back to the Primitive,4:21,metal,,,
Best of Rock Vol. I,11,Tool,Lateralus,11:16,Progressive metal,,Lateralus,
Best of Rock Vol. I,12,Korn,Freak on a Leash,4:44,Nu Metal,,,
Best of Rock Vol. I,13,System of a Down,ATWA,2:56,alternative metal,,,
Best of Rock Vol. I,14,A Perfect Circle,Thinking of You,4:47,alternative rock,,,
Best of Rock Vol. I,15,Nirvana,Mr. Moustache,3:38,Grunge,,,
Best of Rock Vol. I,16,Cold,Just Got Wicked,4:01,alternative rock,,,
Best of Rock Vol. I,17,Dead Kennedys,Holiday in Cambodia,4:40,punk,,,
Best of Rock Vol. I,18,Swingin' Utters,Five Lessons Learned,0:00,punk rock,,,
Best of Rock Vol. II,1,Weezer,Hash Pipe,3:06,rock,,,
Best of Rock Vol. II,2,Tool,Ænema (live),0:00,Unknown,,,
Best of Rock Vol. II,3,Alice in Chains,Man in the Box,4:30,Grunge,,,
Best of Rock Vol. II,4,Nirvana,In Bloom,4:17,Grunge,,,
Best of Rock Vol. II,5,Anathema,Deep,4:56,doom metal,,,
Best of Rock Vol. II,6,Dead Kennedys,Soup Is Good Food,4:17,punk,,,
Best of Rock Vol. II,7,Earshot,Get Away,0:00,heard on Pandora,,,
Best of Rock Vol. II,8,Godsmack,I Stand Alone,4:06,metal,,,
Best of Rock Vol. II,9,Headcrash,Freedom,3:47,crossover,,,
Best of Rock Vol. II,10,Soil,Halo,3:19,metal,,,
Best of Rock Vol. II,11,Slipknot,Wait and Bleed,2:27,metal,,,
Best of Rock Vol. II,12,Spineshank,Asthmatic,3:30,industrial metal,,,
Best of Rock Vol. II,13,System of a Down,Metro,2:59,metal,,,
Best of Rock Vol. II,14,Rob Zombie,Dead Girl Superstar,0:00,industrial metal,,,
Best of Rock Vol. II,15,Tool,Third Eye,13:47,Progressive metal,,,
Best of Rock Vol. II,16,Nine Inch Nails,Starfuckers,5:49,,industrial rock,,,
Best of Rock Vol. II,17,Cold,Anti-Love Song,3:10,metal,,,
Best of Rock Vol. II,18,System of a Down,Storaged,1:17,metal,,,
Best of Rock Vol. III,1,Tool,Intolerance,6:12,Progressive metal,,,
Best of Rock Vol. III,2,KMFDM,A Drug Against War,0:00,industrial,,,
Best of Rock Vol. III,3,Tool,Opiate,6:07,Progressive metal,,,
Best of Rock Vol. III,4,Spineshank,New Disease,3:14,Nu Metal,,,
Best of Rock Vol. III,5,Soilwork,Needlefeast,0:00,Melodic Death Metal,,,
Best of Rock Vol. III,6,Pantera,Hellbound,2:40,thrash metal,,,
Best of Rock Vol. III,7,Snot,Snot,0:00,metal,,,
Best of Rock Vol. III,8,System of a Down,Innervision,2:34,alternative metal,,,
Best of Rock Vol. III,9,Stabbing Westward,Save Yourself,4:15,industrial,,,
Best of Rock Vol. III,10,Apartment 26,Apt. 26,3:14,banned,,,
Best of Rock Vol. III,11,System of a Down,Fuck the System,2:13,metal,,,
Best of Rock Vol. III,12,Deftones,Around the Fur,2:56,metal,,,
Best of Rock Vol. III,13,Tool,Hooker With A Penis,5:22,Progressive metal,,,
Best of Rock Vol. III,14,Staind,Make Believe,N/A,Unknown,,,
Best of Rock Vol. III,15,KMFDM,Anarchy,0:00,industrial,,,
Best of Rock Vol. III,16,Slayer,Disciple,3:35,thrash metal,,,
Best of Rock Vol. III,17,Rage Against the Machine,Know Your Enemy,5:48,rock,,,
Best of Rock Vol. III,18,Our Lady Peace,Whatever,3:53,rock,,,
Best of Rock Vol. III,19,Metallica,Battery,6:29,thrash metal,,,
Best of Rock Vol. III,20,Motorhead,Orgasmatron,5:24,heavy metal,,,
Best of Rock Vol. IV,1,40 Below Summer,5 lb. Bag,2:23,Unknown,,,
Best of Rock Vol. IV,2,Primer 55,Set It Off,3:12,rapcore,,,
Best of Rock Vol. IV,3,Reveille,Plastic,6:02,heavy metal,,,
Best of Rock Vol. IV,4,Switched,Darkening Days,3:27,rock,,,
Best of Rock Vol. IV,5,Professional Murder Music,Slow,3:58,industrial metal,,,
Best of Rock Vol. IV,6,Tool,Parabol,2:59,Progressive metal,,,
Best of Rock Vol. IV,7,Tool,Parabola,6:30,Progressive metal,,,
Best of Rock Vol. IV,8,Skinny Puppy,Worlock,0:00,industrial,,,
Best of Rock Vol. IV,9,KMFDM,Adios,3:55,industrial,,,
Best of Rock Vol. IV,10,Breaking Point,One of a Kind,3:28,hard rock,,,
Best of Rock Vol. IV,11,Stabbing Westward,Shame,5:20,industrial,,,
Best of Rock Vol. IV,12,Boy Hits Car,I'm a Cloud,4:15,rock,,,
Best of Rock Vol. IV,13,Acid Bath,Scream of the Butterfly,6:05,sludge metal,,,
Best of Rock Vol. IV,14,Alice in Chains,Down in a Hole,5:38,Grunge,,,
Best of Rock Vol. IV,15,Katatonia,For My Demons,5:43,doom metal,,,
Best of Rock Vol. IV,16,Finger Eleven,First Time,4:26,rock,,,
Best of Rock Vol. IV,17,Deftones,Passenger,6:08,alternative,,,
Best of Rock Vol. V,1,Lostprophets,Shinobi vs. Dragon Ninja,3:05,rock,,,
Best of Rock Vol. V,2,Mudvayne,Death Blooms,4:16,Nu Metal,,,
Best of Rock Vol. V,3,Endo,Suffer,4:10,rock,,,
Best of Rock Vol. V,4,Tool,Part of Me,3:17,Progressive metal,,,
Best of Rock Vol. V,5,System of a Down,War?,2:48,alternative metal,,,
Best of Rock Vol. V,6,Skinny Puppy,Assimilate,6:56,industrial,,,
Best of Rock Vol. V,7,30 Seconds to Mars,Capricorn,3:53,alternative rock,,,
Best of Rock Vol. V,8,Acid Bath,God Machine,4:53,sludge metal,,,
Best of Rock Vol. V,9,KMFDM,Ultra,4:33,industrial,,,
Best of Rock Vol. V,10,Disturbed,The Game,3:47,metal,,,
Best of Rock Vol. V,11,Deftones,Digital Bath,4:15,alternative,,,
Best of Rock Vol. V,12,Gravity Kills,Enough,4:16,industrial,,,
Best of Rock Vol. V,13,Nothingface,Bleeder,3:31,alternative metal,,,
Best of Rock Vol. V,14,Sevendust,Home,3:34,sevendust,,,
Best of Rock Vol. V,15,Rob Zombie,Superbeast,3:40,metal,,,
Best of Rock Vol. V,16,A Perfect Circle,Magdalena,4:11,alternative rock,,,
Best of Rock Vol. V,17,The Offspring,Killboy Powerhead,1:56,punk rock,,,
Best of Rock Vol. V,18,Anthrax,Got the Time,0:00,thrash metal,,,
Best of Rock Vol. V,19,311,Come Original,3:50,alternative rock,,,
Best of Rock Vol. V,20,Guttermouth,Can I Borrow Some Ambition?,0:00,punk rock,,,
Best of Rock Vol. VI,1,Korn,Blind,4:19,Nu Metal,,,
Best of Rock Vol. VI,2,Soilwork,Natural Born Chaos,4:07,Melodic Death Metal,,,
Best of Rock Vol. VI,3,KMFDM vs. PIG,Fuck Me,3:50,industrial rock,,,
Best of Rock Vol. VI,4,Gravity Kills,Blame,4:35,industrial,,,
Best of Rock Vol. VI,5,Prick,Animal,4:09,industrial,,,
Best of Rock Vol. VI,6,Skinny Puppy,Killing Game,3:49,industrial,,,
Best of Rock Vol. VI,7,Tool,Stinkfist,5:10,Progressive metal,,,
Best of Rock Vol. VI,8,Boy Hits Car,Turning Inward,3:40,alternative rock,,,
Best of Rock Vol. VI,9,Static-X,Cold,3:40,industrial metal,,,
Best of Rock Vol. VI,10,Mudvayne,Dig,2:42,Nu Metal,,,
Best of Rock Vol. VI,11,System of a Down,Sugar (live),4:04,live,,,
Best of Rock Vol. VI,12,Rob Zombie,Living Dead Girl,3:21,industrial metal,,,
Best of Rock Vol. VI,13,Dog Fashion Disco,Mushroom Cult,4:27,experimental,,,
Best of Rock Vol. VI,14,Anthrax,Inside Out,5:31,thrash metal,,,
Best of Rock Vol. VI,15,Cold,No One,3:17,alternative rock,,,
Best of Rock Vol. VI,16,Earshot,Headstrong,4:55,Soundtrack,,,
Best of Rock Vol. VI,17,A Perfect Circle,Judith,5:21,alternative rock,,,
Best of Rock Vol. VI,18,Nailbomb,Police Truck,0:00,industrial metal,,,
Best of Rock Vol. VI,19,Shootyz Groove,High Definition,0:00,Unknown,,,
Best of Rock Vol. VI,20,Bad Religion,Epiphany,3:59,punk rock,,,
Best of Rock Vol. VII,1,30 Seconds to Mars,93 Million Miles,5:18,alternative rock,,,
Best of Rock Vol. VII,2,A Perfect Circle,Thinking of You,4:47,alternative rock,,,
Best of Rock Vol. VII,3,Stabbing Westward,Darkest Days,3:51,industrial,,,
Best of Rock Vol. VII,4,MDFMK,Missing Time,4:35,industrial,,,
Best of Rock Vol. VII,5,Headcrash,Asphalt Ostrich,4:40,crossover,,,
Best of Rock Vol. VII,6,Korn,Here to Stay,4:29,Nu Metal,,,
Best of Rock Vol. VII,7,System of a Down,Snowblind,4:40,metal,,,
Best of Rock Vol. VII,8,Deftones,7 Words,3:44,Nu Metal,,,
Best of Rock Vol. VII,9,Glassjaw,Siberian Kiss,3:49,post-hardcore,,,
Best of Rock Vol. VII,10,Endo,The Program,3:26,alternative metal,,,
Best of Rock Vol. VII,11,Earshot,Not Afraid,3:59,heard on Pandora,,,
Best of Rock Vol. VII,12,KMFDM,Sucks,3:33,industrial,,,
Best of Rock Vol. VII,13,Lostprophets,Kobrakai,5:33,alternative rock,,,
Best of Rock Vol. VII,14,Tool,H.,7:17,Progressive metal,,,
Best of Rock Vol. VII,15,Disturbed,Violence Fetish,3:23,metal,,,
Best of Rock Vol. VII,16,Nine Inch Nails,March of the Pigs (live),3:49,rock,,,
Best of Rock Vol. VII,17,Dead Kennedys,Chemical Warfare,3:00,punk,,,
Best of Rock Vol. VII,18,The Offspring,Jennifer Lost the War,0:00,punk rock,,,
Best of Rock Vol. VII,19,The Vandals,Behind the Music,2:40,punk,,,
Best of Rock Vol. VIII,1,Soilwork,Chainheart Machine,4:01,Melodic Death Metal,,,
Best of Rock Vol. VIII,2,Slayer,Payback,4:34,thrash metal,,,
Best of Rock Vol. VIII,3,Ultraspank,Jackass,3:44,metal,,,
Best of Rock Vol. VIII,4,Biohazard,Switchback,3:33,hardcore,,,
Best of Rock Vol. VIII,5,Static-X,Black and White,0:00,industrial metal,,,
Best of Rock Vol. VIII,6,Korn,Clown,0:00,Nu Metal,,,
Best of Rock Vol. VIII,7,Rob Zombie,Feel So Numb,0:00,industrial metal,,,
Best of Rock Vol. VIII,8,Soil,Breaking Me Down,2:35,metal,,,
Best of Rock Vol. VIII,9,Apartment 26,Death,4:42,industrial,,,
Best of Rock Vol. VIII,10,Deftones,Be Quiet and Drive (Far Away),4:17,metal,,,
Best of Rock Vol. VIII,11,Ill Nino,What Comes Around,3:45,Nu Metal,,,
Best of Rock Vol. VIII,12,Glassjaw,When One Eight Becomes Two Zeroes,0:00,Unknown,,,
Best of Rock Vol. VIII,13,Deadsy,Key to Gramercy Park,3:12,electronica,,,
Best of Rock Vol. VIII,14,Onesidezero,Awake,0:00,awesomeness,,,
Best of Rock Vol. VIII,15,Econoline Crush,You Don't Know What It's Like,3:23,rock,,,
Best of Rock Vol. VIII,16,Beastie Boys,Intergalactic,3:30,Hip-Hop,,,
Best of Rock Vol. VIII,17,The Offspring,Bad Habit,3:43,punk rock,,,
Best of Rock Vol. VIII,18,Dead Kennedys,Pull My Strings,5:53,punk,,,
Best of Rock Vol. VIII,19,Bad Religion,Supersonic,1:46,punk rock,,,
Best of Rock Vol. VIII,20,Weezer,Buddy Holly,2:39,rock,,,
Best of Rock Vol. VIII,21,311,Livin' and Rockin',0:00,metal,,,
Best of Rock Vol. IX,1,311,Down,2:51,rock,,,
Best of Rock Vol. IX,2,Radiohead,Creep,3:56,alternative,,,
Best of Rock Vol. IX,3,Thursday,Understanding in a Crash,0:00,Unknown,,,
Best of Rock Vol. IX,4,The Vines,Get Free,2:05,rock,,,
Best of Rock Vol. IX,5,The Clash,London Calling,3:22,punk,,,
Best of Rock Vol. IX,6,The Misfits,Vampira,1:31,horror punk,,,
Best of Rock Vol. IX,7,Operation Ivy,Knowledge,3:04,punk,,,
Best of Rock Vol. IX,8,The Dwarves,I Will Deny,1:39,punk,,,
Best of Rock Vol. IX,9,Soundgarden,Spoonman,3:51,Grunge,,,
Best of Rock Vol. IX,10,Stone Temple Pilots,Vasoline,3:12,Grunge,,,
Best of Rock Vol. IX,11,Mr. Bungle,The Air-Conditioned Nightmare,0:00,experimental,,,
Best of Rock Vol. IX,12,Sparta,Cut Your Ribbon,3:05,post-hardcore,,,
Best of Rock Vol. IX,13,Faith No More,We Care a Lot,4:13,rock,,,
Best of Rock Vol. IX,14,Dredg,Penguins in the Desert,4:13,Progressive rock,,,
Best of Rock Vol. IX,15,Disturbed,Prayer,3:39,metal,,,
Best of Rock Vol. IX,16,Deftones,My Own Summer (Shove It),3:26,Nu Metal,,,
Best of Rock Vol. IX,17,Crossbreed,Machines,3:15,industrial metal,,,
Best of Rock Vol. IX,18,Primus,My Name Is Mud,5:25,alternative,,,
Best of Rock Vol. IX,19,Apartment 26,Dystopia,2:56,metal,,,
Best of Rock Vol. IX,20,Metallica,Whiplash,7:09,thrash metal,,,
Best of Rock Vol. IX,21,Rammstein,Mutter,4:31,industrial metal,,,
Best of Rock Vol. IX,22,KMFDM,Megalomaniac,4:19,industrial,,,
Best of Rock Vol. X,1,At the Drive-In,One-Armed Scissor,0:00,post-hardcore,,,
Best of Rock Vol. X,2,Queens of the Stone Age,No One Knows,4:38,rock,,,
Best of Rock Vol. X,3,30 Seconds to Mars,Welcome to the Universe,2:38,alternative rock,,,
Best of Rock Vol. X,4,The Beatles,The Ballad of John and Yoko,2:59,classic rock,,,
Best of Rock Vol. X,5,Bodega,Relative,2:09,cyco,,,
Best of Rock Vol. X,6,The White Stripes,Dead Leaves and the Dirty Ground,2:42,rock,,,
Best of Rock Vol. X,7,Nirvana,You Know You're Right,3:07,Grunge,,,
Best of Rock Vol. X,8,Glassjaw,Radio Cambodia,0:00,post-hardcore,,,
Best of Rock Vol. X,9,Dead Kennedys,Too Drunk to Fuck,2:59,punk,,,
Best of Rock Vol. X,10,Transplants,Diamonds and Guns,0:00,punk,,,
Best of Rock Vol. X,11,A Perfect Circle,Diary of a Madman (live),0:00,Unknown,,,
Best of Rock Vol. X,12,Deftones,MX,5:47,metal,,,
Best of Rock Vol. X,13,Tool,Sober,5:07,Progressive metal,,,
Best of Rock Vol. X,14,System of a Down,Thetawaves,2:37,alternative metal,,,
Best of Rock Vol. X,15,Flaw,Payback,4:01,Nu Metal,,,
Best of Rock Vol. X,16,KMFDM,Preach/Pervert,4:30,industrial,,,
Best of Rock Vol. X,17,Anthrax,Among the Living,0:00,thrash metal,,,
Best of Rock Vol. X,18,Mists of Avalon,Prison Sex,4:38,goth,,,
Best of Rock Vol. X,19,40 Below Summer,Step Into the Sideshow,0:00,metal,,,
Best of Rock Vol. X,20,Static-X,December,6:18,industrial metal,,,
Best of Rock Vol. XI,1,Alien Ant Farm,Smooth Criminal,3:28,rock,,,
Best of Rock Vol. XI,2,Rage Against the Machine,Renegades of Funk,3:53,rock,,,
Best of Rock Vol. XI,3,AFI,Wester,3:02,punk rock,,,
Best of Rock Vol. XI,4,System of a Down,Spiders,3:35,alternative metal,,,
Best of Rock Vol. XI,5,At the Drive-In,Rolodex Propaganda,2:55,post-hardcore,,,
Best of Rock Vol. XI,6,Stone Temple Pilots,Down,4:34,Grunge,,,
Best of Rock Vol. XI,7,KMFDM,Sturm & Drang,3:57,industrial,,,
Best of Rock Vol. XI,8,Tool,Schism,9:37,Progressive metal,,,
Best of Rock Vol. XI,9,Gravity Kills,Superstarved,3:27,alternative rock,,,
Best of Rock Vol. XI,10,Korn,A.D.I.D.A.S.,3:47,Nu Metal,,,
Best of Rock Vol. XI,11,Guttermouth,Hit Machine,0:00,punk rock,,,
Best of Rock Vol. XI,12,Nirvana,Smells Like Teen Spirit,4:29,Grunge,,,
Best of Rock Vol. XI,13,30 Seconds to Mars,Edge of the Earth,3:56,alternative rock,,,
Best of Rock Vol. XI,14,Biohazard,Sellout,3:30,hardcore,,,
Best of Rock Vol. XI,15,The Vines,Outtatheway,2:45,Unknown,,,
Best of Rock Vol. XI,16,Dead Kennedys,California Uber Alles,3:02,punk,,,
Best of Rock Vol. XI,17,Alice in Chains,Them Bones,2:29,Grunge,,,
Best of Rock Vol. XI,18,The Beatles,I Am the Walrus,4:12,classic rock,,,
Best of Rock Vol. XI,19,Deftones,Headup,4:05,metal,,,
Best of Rock Vol. XI,20,Rammstein,Sehnsucht,4:04,industrial metal,,,
Best of Rock Vol. XI,21,The Damned,Democracy?,0:00,punk,,,
Best of Rock Vol. XII,1,The Union Underground,Drivel,2:55,metal,,,
Best of Rock Vol. XII,2,Crossbreed,Pure Energy,4:08,industrial metal,,,
Best of Rock Vol. XII,3,Orgy,Stitches,3:15,industrial,,,
Best of Rock Vol. XII,4,Marilyn Manson,1996,4:05,industrial metal,,,
Best of Rock Vol. XII,5,Mudvayne,Not Falling,4:03,metal,,,
Best of Rock Vol. XII,6,Tool,Cold and Ugly (live),4:10,Progressive metal,,,
Best of Rock Vol. XII,7,Deftones,Bored,4:45,metal,,,
Best of Rock Vol. XII,8,Static-X,Bled for Days,3:45,industrial metal,,,
Best of Rock Vol. XII,9,Soundgarden,Jesus Christ Pose,5:27,Grunge,,,
Best of Rock Vol. XII,10,Nirvana,Heart-Shaped Box,4:58,Grunge,,,
Best of Rock Vol. XII,11,Helmet,Pure,3:32,metal,,,
Best of Rock Vol. XII,12,System of a Down,Soil,3:25,alternative metal,,,
Best of Rock Vol. XII,13,The Clash,This Is Radio Clash,4:59,punk,,,
Best of Rock Vol. XII,14,Dead Kennedys,Police Truck,7:24,punk,,,
Best of Rock Vol. XII,15,Violent Femmes,Blister in the Sun (live),5:13,Violent Femmes,,,
Best of Rock Vol. XII,16,Taproot,Poem,3:18,rock,,,
Best of Rock Vol. XII,17,Slipknot,Spit It Out,2:39,Nu Metal,,,
Best of Rock Vol. XII,18,Dead Milkmen,Beach Party Vietnam,1:46,punk,,,
Best of Rock Vol. XII,19,Funker Vogt,Black Rain,5:13,ebm,,,
Best of Rock Vol. XII,20,AFI,Girls Not Grey,3:10,punk rock,,,
Best of Rock Vol. XII,21,The Damned,Love Song,2:06,punk,,,
Best of Rock Vol. XII,22,Shriekback,Nemesis,3:40,80s,,,
Best of Rock Vol. XIII,1,System of a Down,Boom!,0:00,alternative metal,,,
Best of Rock Vol. XIII,2,Tool,Hush,3:28,Progressive metal,,,
Best of Rock Vol. XIII,3,A Flock of Seagulls,I Ran (So Far Away),3:46,80s,,,
Best of Rock Vol. XIII,4,The Sex Pistols,Anarchy in the UK,3:29,punk,,,
Best of Rock Vol. XIII,5,The Offspring,Come Out and Play,3:39,punk rock,,,
Best of Rock Vol. XIII,6,Anthrax,Bring the Noise,3:32,thrash metal,,,
Best of Rock Vol. XIII,7,Deftones,Knife Prty,4:49,metal,,,
Best of Rock Vol. XIII,8,Marilyn Manson,Irresponsible Hate Anthem,4:01,industrial metal,,,
Best of Rock Vol. XIII,9,Crossbreed,Breathe,5:01,industrial metal,,,
Best of Rock Vol. XIII,10,Soundgarden,Ty Cobb,3:05,Grunge,,,
Best of Rock Vol. XIII,11,The Clash,Train in Vain,3:10,punk,,,
Best of Rock Vol. XIII,12,Led Zeppelin,Kashmir,8:12,classic rock,,,
Best of Rock Vol. XIII,13,Spineshank,Violent Moodswings,0:00,Nu Metal,,,
Best of Rock Vol. XIII,14,Nine Inch Nails,Wish,3:40,industrial,,,
Best of Rock Vol. XIII,15,Korn,Wicked,0:00,Nu Metal,,,
Best of Rock Vol. XIII,16,The White Stripes,Seven Nation Army,3:43,rock,,,
Best of Rock Vol. XIII,17,Front 242,Headhunter,5:02,ebm,,,
Best of Rock Vol. XIII,18,Cold,Stupid Girl,3:10,alternative rock,,,
Best of Rock Vol. XIII,19,Porcupine Tree,Trains,7:13,Progressive rock,,,
Best of Rock Vol. XIV,1,Jay and Silent Bob,Jay's Rap,0:00,Soundtrack,,,
Best of Rock Vol. XIV,2,Dead Kennedys,Anarchy for Sale,1:18,punk,,,
Best of Rock Vol. XIV,3,Soilwork,Bulletbeast,4:37,Melodic Death Metal,,,
Best of Rock Vol. XIV,4,Meshuggah,New Millenium Cyanide Christ,6:10,math metal,,,
Best of Rock Vol. XIV,5,Cold,The Day Seattle Died,3:34,rock,,,
Best of Rock Vol. XIV,6,The Clash,White Riot,1:59,punk,,,
Best of Rock Vol. XIV,7,Korn,Chi,0:42,Nu Metal,,,
Best of Rock Vol. XIV,8,Audioslave,Like a Stone,5:44,rock,,,
Best of Rock Vol. XIV,9,KMFDM,Juke Joint Jezebel,4:09,industrial,,,
Best of Rock Vol. XIV,10,Blisstripp,Breathe,3:56,Unknown,,,
Best of Rock Vol. XIV,11,Pantera,Fucking Hostile,2:49,thrash metal,,,
Best of Rock Vol. XIV,12,Orgy,Blue Monday,4:26,industrial,,,
Best of Rock Vol. XIV,13,Downset,Pure Trauma,0:00,punk rock,,,
Best of Rock Vol. XIV,14,Slayer,Raining Blood,2:31,thrash metal,,,
Best of Rock Vol. XIV,15,Queens of the Stone Age,Millionaire,0:00,Stoner Rock,,,
Best of Rock Vol. XIV,16,Dropkick Murphys,The Gauntlet,2:57,punk,,,
Best of Rock Vol. XIV,17,Deftones,Teething,3:34,metal,,,
Best of Rock Vol. XIV,18,Rammstein,Feuer Frei!,3:10,industrial metal,,,
Best of Rock Vol. XIV,19,System of a Down,Shame,2:40,metal,,,
Best of Rock Vol. XIV,20,The Ramones,I Wanna Be Sedated,2:28,punk,,,
Best of Rock Vol. XIV,21,(hed) p.e.,Waiting to Die,3:16,claudia schiffer,,,
Best of Rock Vol. XIV,22,Limp Bizkit,Crushed,3:24,rapcore,,,
Best of Rock Vol. XIV,23,Rage Against the Machine,Calm Like a Bomb,4:59,rock,,,
Best of Rock Vol. XV,1,Death By Stereo,Shh,N/A,,2003,,,
Best of Rock Vol. XV,2,Dillinger Escape Plan,Come to Daddy,4:21,cover,,,
Best of Rock Vol. XV,3,Boy Sets Fire,After the Eulogy,3:31,hardcore,,,
Best of Rock Vol. XV,4,Meshuggah,Soul Burn,0:00,Progressive metal,,,
Best of Rock Vol. XV,5,Jane's Addiction,Been Caught Stealing,3:23,alternative,,,
Best of Rock Vol. XV,6,Incubus,Pardon Me,3:59,rock,,,
Best of Rock Vol. XV,7,Ministry,Jesus Built My Hotrod,4:52,industrial metal,,,
Best of Rock Vol. XV,8,Deftones,Hexagram,4:08,metal,,,
Best of Rock Vol. XV,9,The Clash,Safe European Home,4:48,punk,,,
Best of Rock Vol. XV,10,Disturbed,Liberate,3:38,metal,,,
Best of Rock Vol. XV,11,Nine Inch Nails,The Frail,1:41,industrial,,,
Best of Rock Vol. XV,12,Nine Inch Nails,The Wretched,5:24,industrial,,,
Best of Rock Vol. XV,13,At the Drive-In,Arcarsenal,2:55,post-hardcore,,,
Best of Rock Vol. XV,14,Nirvana,Radio Friendly Unit Shifter,4:27,Grunge,,,
Best of Rock Vol. XV,15,Fuel,Sunburn,4:25,alternative rock,,,
Best of Rock Vol. XV,16,Pennywise,Alien,4:07,punk,,,
Best of Rock Vol. XV,17,Stone Temple Pilots,Sex Type Thing,4:16,Grunge,,,
Best of Rock Vol. XV,18,The Beatles,Magical Mystery Tour,2:46,classic rock,,,
Best of Rock Vol. XV,19,Biohazard,Cleansing,3:25,hardcore,,,
Best of Rock Vol. XV,20,From Zero,Pressure,4:55,alternative rock,,,
Best of Rock Vol. XVI,1,Catch-22,1234,0:00,,ska,,,
Best of Rock Vol. XVI,2,Gravity Kills,Guilty,4:02,industrial,,,
Best of Rock Vol. XVI,3,Jane's Addiction,Mountain Song,4:07,alternative rock,,,
Best of Rock Vol. XVI,4,CKY,Escape From Hellview,3:41,rock,,,
Best of Rock Vol. XVI,5,The Sex Pistols,Holidays in the Sun,3:33,punk,,,
Best of Rock Vol. XVI,6,Nirvana,Serve the Servants,3:07,Grunge,,,
Best of Rock Vol. XVI,7,Anthrax,Caught in a Mosh,6:04,thrash metal,,,
Best of Rock Vol. XVI,8,Bad Religion,Them and Us,0:00,punk,,,
Best of Rock Vol. XVI,9,Pennywise,Bro Hymn,0:00,punk rock,,,
Best of Rock Vol. XVI,10,Collective Soul,Heavy,2:55,rock,,,
Best of Rock Vol. XVI,11,Fugazi,Waiting Room,2:50,post-hardcore,,,
Best of Rock Vol. XVI,12,Deftones,When Girls Telephone Boys,4:35,metal,,,
Best of Rock Vol. XVI,13,Helmet,Unsung,3:57,alternative metal,,,
Best of Rock Vol. XVI,14,System of a Down,Suite-Pee,0:00,alternative metal,,,
Best of Rock Vol. XVI,15,Pearl Jam,Jeremy,5:14,Grunge,,,
Best of Rock Vol. XVI,16,Incubus,Idiot Box,4:05,alternative rock,,,
Best of Rock Vol. XVI,17,Sevendust,Fall,5:20,alternative metal,,,
Best of Rock Vol. XVI,18,Soundgarden,Pretty Noose,0:00,Grunge,,,
Best of Rock Vol. XVI,19,Sonic Youth,Starlit Road,N/A,Unknown,,,
Best of Rock Vol. XVI,20,The Clash,Should I Stay or Should I Go,3:08,punk,,,
The Very Best of Rock Vol. 1-10 (Disc 1),1,Skinny Puppy,Worlock,0:00,industrial,,,
The Very Best of Rock Vol. 1-10 (Disc 1),2,Deftones,7 Words,3:44,Nu Metal,,,
The Very Best of Rock Vol. 1-10 (Disc 1),3,Static-X,Cold,3:40,industrial metal,,,
The Very Best of Rock Vol. 1-10 (Disc 1),4,Professional Murder Music,Slow,3:58,industrial metal,,,
The Very Best of Rock Vol. 1-10 (Disc 1),5,System of a Down,Toxicity,3:40,metal,,,
The Very Best of Rock Vol. 1-10 (Disc 1),6,Tool,Prison Sex,5:17,Progressive metal,,,
The Very Best of Rock Vol. 1-10 (Disc 1),7,Cold,No One,3:17,alternative rock,,,
The Very Best of Rock Vol. 1-10 (Disc 1),8,KMFDM,Adios,3:55,industrial,,,
The Very Best of Rock Vol. 1-10 (Disc 1),9,Soilwork,Needlefeast,0:00,Melodic Death Metal,,,
The Very Best of Rock Vol. 1-10 (Disc 1),10,Apartment 26,Apt. 26,3:14,banned,,,
The Very Best of Rock Vol. 1-10 (Disc 1),11,Dead Kennedys,Soup Is Good Food,4:17,punk,,,
The Very Best of Rock Vol. 1-10 (Disc 1),12,A Perfect Circle,Judith,5:21,alternative rock,,,
The Very Best of Rock Vol. 1-10 (Disc 1),13,Endo,Suffer,4:10,rock,,,
The Very Best of Rock Vol. 1-10 (Disc 1),14,Glassjaw,Radio Cambodia,0:00,post-hardcore,,,
The Very Best of Rock Vol. 1-10 (Disc 1),15,Korn,Blind,4:19,Nu Metal,,,
The Very Best of Rock Vol. 1-10 (Disc 1),16,Mudvayne,Dig,2:42,Nu Metal,,,
The Very Best of Rock Vol. 1-10 (Disc 1),17,30 Seconds to Mars,Capricorn,3:53,alternative rock,,,
The Very Best of Rock Vol. 1-10 (Disc 1),18,Tool,Opiate,6:07,Progressive metal,,,
The Very Best of Rock Vol. 1-10 (Disc 2),1,Cold,Just Got Wicked,4:01,alternative rock,,,
The Very Best of Rock Vol. 1-10 (Disc 2),2,Tool,Stinkfist,5:10,Progressive metal,,,
The Very Best of Rock Vol. 1-10 (Disc 2),3,System of a Down,Metro,2:59,metal,,,
The Very Best of Rock Vol. 1-10 (Disc 2),4,KMFDM,Anarchy,0:00,industrial,,,
The Very Best of Rock Vol. 1-10 (Disc 2),5,At the Drive-In,One-Armed Scissor,0:00,post-hardcore,,,
The Very Best of Rock Vol. 1-10 (Disc 2),6,Dead Kennedys,Passenger,N/A,Unknown,,,
The Very Best of Rock Vol. 1-10 (Disc 2),7,Anthrax,Got the Time,0:00,thrash metal,,,
The Very Best of Rock Vol. 1-10 (Disc 2),8,Deftones,Passenger,6:08,alternative,,,
The Very Best of Rock Vol. 1-10 (Disc 2),9,Gravity Kills,Enough,4:16,industrial,,,
The Very Best of Rock Vol. 1-10 (Disc 2),10,Spineshank,Synthetic,3:07,Nu Metal,,,
The Very Best of Rock Vol. 1-10 (Disc 2),11,Tool,Parabol,2:59,Progressive metal,,,
The Very Best of Rock Vol. 1-10 (Disc 2),12,Tool,Parabola,6:30,Progressive metal,,,
The Very Best of Rock Vol. 1-10 (Disc 2),13,Stabbing Westward,Darkest Days,3:51,industrial,,,
The Very Best of Rock Vol. 1-10 (Disc 2),14,Lostprophets,Shinobi vs. Dragon Ninja,3:05,rock,,,
The Very Best of Rock Vol. 1-10 (Disc 2),15,Queens of the Stone Age,No One Knows,4:38,rock,,,
The Very Best of Rock Vol. 1-10 (Disc 2),16,Disturbed,Prayer,3:39,metal,,,
The Very Best of Rock Vol. 1-10 (Disc 2),17,Prick,Animal,4:09,industrial,,,
Best of Rock Vol. XVII,1,Rage Against the Machine,Killing in the Name,5:13,rock,,,
Best of Rock Vol. XVII,2,Glassjaw,Cosmopolitan Bloodloss,0:00,post-hardcore,,,
Best of Rock Vol. XVII,3,Mod Flanders Conspiracy,Bill Nye the Science Guy Makes Me Wanna Cut Myself,3:38,Unknown,,,
Best of Rock Vol. XVII,4,Killswitch Engage,My Last Serenade,4:13,metalcore,,,
Best of Rock Vol. XVII,5,A Static Lullaby,Love to Hate,0:00,,emocore,,,
Best of Rock Vol. XVII,6,Dead Kennedys,MTV Get Off the Air,0:00,punk,,,
Best of Rock Vol. XVII,7,Tool,Ænema,8:00,Progressive metal,,,
Best of Rock Vol. XVII,8,Deftones,Bloody Cape,0:00,Deftones,,,
Best of Rock Vol. XVII,9,Stabbing Westward,Drugstore,6:40,industrial rock,,,
Best of Rock Vol. XVII,10,Blur,Song 2,2:01,rock,,,
Best of Rock Vol. XVII,11,The Clash,The Magnificent Seven,2:16,punk,,,
Best of Rock Vol. XVII,12,Weezer,Say It Ain't So,4:17,rock,,,
Best of Rock Vol. XVII,13,AFI,Leaving Song Pt. II,0:00,Unknown,,,
Best of Rock Vol. XVII,14,311,Sick Tight,3:11,rock,,,
Best of Rock Vol. XVII,15,Meshuggah,Rational Gaze,5:04,Progressive metal,,,
Best of Rock Vol. XVII,16,Incubus,Nice to Know You,0:00,rock,,,
Best of Rock Vol. XVII,17,Pearl Jam,Black,8:48,Grunge,,,
Best of Rock Vol. XVII,18,Led Zeppelin,No Quarter,17:05,classic rock,,,
Best of Rock Vol. XVIII,1,Toadies,Possum Kingdom,0:00,90s,,,
Best of Rock Vol. XVIII,2,Kyuss,Demon Cleaner,5:20,Stoner Rock,,,
Best of Rock Vol. XVIII,3,Weezer,El Scorcho,4:04,rock,,,
Best of Rock Vol. XVIII,4,Nirvana,Territorial Pissings,2:27,Grunge,,,
Best of Rock Vol. XVIII,5,Guttermouth,Contribution,2:19,punk rock,,,
Best of Rock Vol. XVIII,6,Rage Against the Machine,Vietnow,0:00,rock,,,
Best of Rock Vol. XVIII,7,Bad Religion,A Walk,2:10,punk rock,,,
Best of Rock Vol. XVIII,8,Deftones,Lhabia,0:00,alternative metal,,,
Best of Rock Vol. XVIII,9,At the Drive-In,Napoleon Solo,4:48,post-hardcore,,,
Best of Rock Vol. XVIII,10,Tool,The Patient,7:48,Progressive metal,,,
Best of Rock Vol. XVIII,11,Dog Fashion Disco,Pogo the Clown,2:27,experimental,,,
Best of Rock Vol. XVIII,12,AFI,Dancing Through Sunday,0:00,punk,,,
Best of Rock Vol. XVIII,13,Dropkick Murphys,Gonna Be a Blackout Tonight,2:41,punk,,,
Best of Rock Vol. XVIII,14,Soundgarden,The Day I Tried to Live,5:18,Grunge,,,
Best of Rock Vol. XVIII,15,Distillers,I Am a Revenant,3:30,punk,,,
Best of Rock Vol. XVIII,16,Apex Theory,Shh... (Hope Diggy),N/A,Unknown,,,
Best of Rock Vol. XVIII,17,The Offspring,The Kids Aren't Alright,3:02,punk rock,,,
Best of Rock Vol. XVIII,18,Dead Kennedys,Stars and Stripes of Corruption,6:22,punk,,,
Best of Rock Vol. XVIII,19,Sublime,Doin' Time,4:11,ska,,,
Best of Rock Vol. XIX,1,Puscifier,REV 22:20,4:41,industrial,,,
Best of Rock Vol. XIX,2,A Perfect Circle,Pet,4:34,alternative rock,,,
Best of Rock Vol. XIX,3,Rage Against the Machine,Born of a Broken Man,4:30,rock,,,
Best of Rock Vol. XIX,4,At the Drive-In,Enfilade,5:01,post-hardcore,,,
Best of Rock Vol. XIX,5,Audioslave,Show Me How to Live,5:24,rock,,,
Best of Rock Vol. XIX,6,Jimmy Eat World,Bleed American,2:57,alternative rock,,,
Best of Rock Vol. XIX,7,Faith No More,War Pigs,8:07,cover,,,
Best of Rock Vol. XIX,8,Jane's Addiction,Just Because,3:52,rock,,,
Best of Rock Vol. XIX,9,Glassjaw,Ape Dos Mil,3:49,post-hardcore,,,
Best of Rock Vol. XIX,10,The Offspring,Genocide,3:21,punk rock,,,
Best of Rock Vol. XIX,11,Serart,Narina,5:32,alternative,,,
Best of Rock Vol. XIX,12,Sevendust,Bitch,5:24,metal,,,
Best of Rock Vol. XIX,13,White Zombie,More Human Than Human,0:00,metal,,,
Best of Rock Vol. XIX,14,Sonic Youth,Teen Age Riot,6:57,alternative,,,
Best of Rock Vol. XIX,15,Incubus,Stellar,4:06,rock,,,
Best of Rock Vol. XIX,16,Collective Soul,December,0:00,90s,,,
Best of Rock Vol. XX,1,Korn,Good God,3:48,Nu Metal,,,
Best of Rock Vol. XX,2,KMFDM,WWIII,4:58,industrial,,,
Best of Rock Vol. XX,3,Spineshank,Smothered,3:08,Nu Metal,,,
Best of Rock Vol. XX,4,A Perfect Circle,The Package,7:40,alternative rock,,,
Best of Rock Vol. XX,5,Finch,Worms of the Earth,2:37,screamo,,,
Best of Rock Vol. XX,6,Static-X,Destroy All,2:19,industrial metal,,,
Best of Rock Vol. XX,7,Marilyn Manson & Eminem,The Way I Am,0:00,Unknown,,,
Best of Rock Vol. XX,8,Live,Selling the Drama,0:00,rock,,,
Best of Rock Vol. XX,9,Tool,You Lied,8:13,Progressive metal,,,
Best of Rock Vol. XX,10,Bad Religion,Against the Grain,2:04,punk,,,
Best of Rock Vol. XX,11,Glassjaw,Tip Your Bartender,0:00,post-hardcore,,,
Best of Rock Vol. XX,12,Watson One Shirt,Eat Shit,0:00,Unknown,,,
Best of Rock Vol. XX,13,AFI,This Secret Ninja,2:20,punk rock,,,
Best of Rock Vol. XX,14,The Clash,Clash City Rockers,3:33,punk,,,
Best of Rock Vol. XX,15,Rage Against the Machine,Testify,3:41,rock,,,
Best of Rock Vol. XX,16,System of a Down,CUBErt,1:49,alternative metal,,,
Best of Rock Vol. XX,17,Mod Flanders Conspiracy,The Zimbabwe Sea Shanties of the Swashbuckler,6:20,Unknown,,,
Best of Rock Vol. XX,18,Deftones,Back to School (Mini Maggit),3:57,Nu Metal,,,
Best of Rock Vol. XX,19,Gravity Kills,Inside,2:53,industrial,,,
Best of Rock Vol. XX,20,TRUSTcompany,Downfall,3:11,rock,,,
Best of Rock Vol. XXI,1,Nine Inch Nails,Closer,6:13,industrial,,,
Best of Rock Vol. XXI,2,Ministry,Stigmata,5:44,industrial,,,
Best of Rock Vol. XXI,3,Smashing Pumpkins,Today,3:19,rock,,,
Best of Rock Vol. XXI,4,Static-X,Get to the Gone,2:49,metal,,,
Best of Rock Vol. XXI,5,Thursday,For the Workforce Drowning,0:00,Unknown,,,
Best of Rock Vol. XXI,6,The Clash,Hitsville U.K.,0:00,punk,,,
Best of Rock Vol. XXI,7,Incubus,A Certain Shade of Green,0:00,rock,,,
Best of Rock Vol. XXI,8,Alice in Chains,I Stay Away,0:00,Grunge,,,
Best of Rock Vol. XXI,9,Rage Against the Machine,Darkness,3:41,rock,,,
Best of Rock Vol. XXI,10,Tool,No Quarter,11:12,Progressive metal,,,
Best of Rock Vol. XXI,11,Stone Temple Pilots,Interstate Love Song,3:16,Grunge,,,
Best of Rock Vol. XXI,12,Primus,Jerry Was a Racecar Driver,3:10,rock,,,
Best of Rock Vol. XXI,13,Bush,Everything Zen,4:37,Grunge,,,
Best of Rock Vol. XXI,14,Interpol,PDA,5:12,indie rock,,,
Best of Rock Vol. XXI,15,Bad Religion,Against the Grain,2:04,punk,,,
Best of Rock Vol. XXI,16,Sevendust,Black,4:08,metal,,,
Best of Rock Vol. XXI,17,Foo Fighters,This Is a Call,4:42,rock,,,
Best of Rock Vol. XXI,18,The Damned,Ballroom Blitz,3:26,punk,,,
Best of Rock Vol. XXII,1,Cursive,A Gentleman Caller,3:16,indie rock,,,
Best of Rock Vol. XXII,2,Filter,Hey Man Nice Shot,0:00,industrial,,,
Best of Rock Vol. XXII,3,Depeche Mode,Enjoy the Silence,6:12,80s,,,
Best of Rock Vol. XXII,4,Modest Mouse,Float On,3:28,indie,,,
Best of Rock Vol. XXII,5,Nine Inch Nails,We're In This Together,7:16,industrial,,,
Best of Rock Vol. XXII,6,Brand New,Sic Transit Gloria...Glory Fades,2:56,emo,,,
Best of Rock Vol. XXII,7,Rage Against the Machine,Bulls On Parade,3:49,rock,,,
Best of Rock Vol. XXII,8,Incubus,Megalomaniac,5:22,rock,,,
Best of Rock Vol. XXII,9,Pigface,Suck,5:24,industrial,,,
Best of Rock Vol. XXII,10,Radiohead,Paranoid Android,6:23,alternative,,,
Best of Rock Vol. XXII,11,Dead Kennedys,Kill the Poor,3:06,punk,,,
Best of Rock Vol. XXII,12,Cake,Short Skirt,3:24,,alternative,,,
Best of Rock Vol. XXII,13,Beastie Boys,Fight for Your Right,3:27,Hip-Hop,,,
Best of Rock Vol. XXII,14,Violent Femmes,Country Death Song,4:55,alternative,,,
Best of Rock Vol. XXII,15,White Zombie,Thunderkiss '65,0:00,hard rock,,,
Best of Rock Vol. XXII,16,The Clash,Rock the Casbah,3:28,punk,,,
Best of Rock Vol. XXII,17,Toadies,Velvet,0:00,alternative rock,,,
Best of Rock Vol. XXII,18,Yellowcard,Way Away,0:00,punk rock,,,
Best of Rock Vol. XXIII,1,Radiohead,Idioteque,4:24,electronic,,,
Best of Rock Vol. XXIII,2,Marilyn Manson,The Love Song,3:17,industrial metal,,,
Best of Rock Vol. XXIII,3,T.S.O.L.,Code Blue,2:16,punk,,,
Best of Rock Vol. XXIII,4,NOFX,Glass War,2:00,punk rock,,,
Best of Rock Vol. XXIII,5,Distillers,Drain the Blood,0:00,punk rock,,,
Best of Rock Vol. XXIII,6,David Bowie,Space Oddity,5:19,classic rock,,,
Best of Rock Vol. XXIII,7,Modest Mouse,Black Cadillacs,2:43,indie,,,
Best of Rock Vol. XXIII,8,Ben Folds Five,Brick,0:00,piano,,,
Best of Rock Vol. XXIII,9,Devo,Beautiful World,0:00,new wave,,,
Best of Rock Vol. XXIII,10,Beastie Boys,Ch-Check It Out,3:12,Hip-Hop,,,
Best of Rock Vol. XXIII,11,Tool,Pushit (live),13:56,Progressive metal,,,
Best of Rock Vol. XXIII,12,Jamiroquai,Virtual Insanity,3:48,funk,,,
Best of Rock Vol. XXIII,13,Nine Inch Nails,Into the Void,4:55,industrial,,,
Best of Rock Vol. XXIII,14,Bad Religion,Ten in 2010,0:00,punk rock,,,
Best of Rock Vol. XXIII,15,A Perfect Circle,The Outsider,4:04,alternative rock,,,
Best of Rock Vol. XXIII,16,The White Stripes,The Hardest Button to Button,3:50,rock,,,
Best of Rock Vol. XXIII,17,Weezer,Keep Fishin',2:52,rock,,,
Best of Rock Vol. XXIII,18,Rage Against the Machine,Freedom,6:45,rock,,,
Best of Rock Vol. XXIV,1,The Cure,Boys Don't Cry,2:40,80s,,,
Best of Rock Vol. XXIV,2,Modest Mouse,Tiny Cities Made of Ashes,3:14,indie,,,
Best of Rock Vol. XXIV,3,Muse,Time Is Running Out,3:55,alternative rock,,,
Best of Rock Vol. XXIV,4,Interpol,Say Hello to the Angels,4:28,indie,,,
Best of Rock Vol. XXIV,5,Blur,Coffee & TV,5:18,britpop,,,
Best of Rock Vol. XXIV,6,Beastie Boys,Looking Down the Barrel of a Gun,0:00,Hip-Hop,,,
Best of Rock Vol. XXIV,7,The Clash,Guns of Brixton,2:49,punk,,,
Best of Rock Vol. XXIV,8,Archers of Loaf,Web in Front,0:00,indie rock,,,
Best of Rock Vol. XXIV,9,David Bowie,Modern Love,3:54,80s,,,
Best of Rock Vol. XXIV,10,Alien Ant Farm,Movies,3:16,rock,,,
Best of Rock Vol. XXIV,11,Radiohead,Optimistic,4:52,alternative,,,
Best of Rock Vol. XXIV,12,Bush,Greedy Fly,4:29,Grunge,,,
Best of Rock Vol. XXIV,13,Ben Folds Five,Song for the Dumped,3:32,piano rock,,,
Best of Rock Vol. XXIV,14,Incubus,The Warmth,5:04,rock,,,
Best of Rock Vol. XXIV,15,Cake,Never There,2:50,alternative,,,
Best of Rock Vol. XXIV,16,Coheed and Cambria,Time Consumer,5:42,Progressive rock,,,
Best of Rock Vol. XXIV,17,Bjork,Army of Me,4:08,electronic,,,
Best of Rock Vol. XXIV,18,The Breeders,Cannonball,3:34,90s,,,
Best of Rock Vol. XXIV,19,Beck,Devil's Haircut,0:00,alternative,,,
Best of Rock Vol. XXIV,20,Counting Crows,Mr. Jones,4:32,rock,,,
Best of Rock Vol. XXV,1,Rasputina,Dwarf Star,2:41,Gothic,,,
Best of Rock Vol. XXV,2,Green Day,American Idiot,2:54,punk rock,,,
Best of Rock Vol. XXV,3,!!!,Intensify,6:54,indie,,,
Best of Rock Vol. XXV,4,The Postal Service,Nothing Better,3:52,indie,,,
Best of Rock Vol. XXV,5,The Faint,Agenda Suicide,4:04,indie,,,
Best of Rock Vol. XXV,6,Head Automatica,Young Hollywood,0:00,Danceable 2 The Max,,,
Best of Rock Vol. XXV,7,The Cure,Shake Dog Shake,4:45,post-punk,,,
Best of Rock Vol. XXV,8,Fantomas,The Godfather,2:45,experimental,,,
Best of Rock Vol. XXV,9,Dismemberment Plan,Memory Machine,2:43,indie rock,,,
Best of Rock Vol. XXV,10,Interpol,Slow Hands,3:07,indie rock,,,
Best of Rock Vol. XXV,11,Yeah Yeah Yeahs,Maps,3:39,indie,,,
Best of Rock Vol. XXV,12,Franz Ferdinand,Take Me Out,3:57,indie,,,
Best of Rock Vol. XXV,13,Soul Coughing,Bus to Beelzebub,4:35,indie,,,
Best of Rock Vol. XXV,14,Local H,Bound for the Floor,3:42,rock,,,
Best of Rock Vol. XXV,15,Justin Timberlake,Rock Your Body,4:27,pop,,,
Best of Rock Vol. XXV,16,Of Montreal,My Favorite Boxer,3:01,indie pop,,,
Best of Rock Vol. XXV,17,Cake,The Distance,3:07,alternative,,,
Best of Rock Vol. XXV,18,Brazil,The Novemberist,4:47,merkitsevathetket,,,
Best of Rock Vol. XXV,19,Ben Folds Five,Army,3:22,piano rock,,,
Best of Rock Vol. XXV,20,Slipknot,Duality,4:12,metal,,,
Best of Rock Vol. XXVI,1,Secret Machines,First Wave Intact,9:00,indie rock,,,
Best of Rock Vol. XXVI,2,Modest Mouse,The Stars Are Projectors,8:46,indie rock,,,
Best of Rock Vol. XXVI,3,Tool,Pushit,0:00,Progressive metal,,,
Best of Rock Vol. XXVI,4,Green Day,Jesus of Suburbia,9:03,punk rock,,,
Best of Rock Vol. XXVI,5,Blur,Tender,4:51,britpop,,,
Best of Rock Vol. XXVI,6,Sonic Youth,Trilogy,4:27,alternative,,,
Best of Rock Vol. XXVI,7,Jane's Addiction,Three Days,10:53,alternative rock,,,
Best of Rock Vol. XXVI,8,!!!,Me and Guiliani Down By the Schoolyard,0:00,Unknown,,,
Best of Rock Vol. XXVII,1,The Faint,Glass Danse,2:59,electronic,,,
Best of Rock Vol. XXVII,2,Head Automatica,Beating Heart Baby,3:24,rock,,,
Best of Rock Vol. XXVII,3,The Flaming Lips,Race for the Prize [remix],0:00,rock,,,
Best of Rock Vol. XXVII,4,Death Cab for Cutie,Styrofoam Plates,5:24,indie,,,
Best of Rock Vol. XXVII,5,Nine Inch Nails,The Perfect Drug,5:23,industrial,,,
Best of Rock Vol. XXVII,6,Radiohead,2+2=5,3:17,alternative,,,
Best of Rock Vol. XXVII,7,The Cure,Fascination Street,5:11,new wave,,,
Best of Rock Vol. XXVII,8,At the Drive-In,Rascuache,3:23,post-hardcore,,,
Best of Rock Vol. XXVII,9,Rasputina,Momma Was An Opium Smoker,1:52,cello rock,,,
Best of Rock Vol. XXVII,10,R.E.M.,What's the Frequency,0:00,,rock,,,
Best of Rock Vol. XXVII,11,Alice in Chains,Nutshell,4:17,Grunge,,,
Best of Rock Vol. XXVII,12,Franz Ferdinand,Dark of the Matinee,0:00,rock,,,
Best of Rock Vol. XXVII,13,The Strokes,Last Nite,3:17,indie rock,,,
Best of Rock Vol. XXVII,14,Mindless Self Indulgence,Bring the Pain,3:39,industrial,,,
Best of Rock Vol. XXVII,15,Modest Mouse,3rd Planet,3:58,indie,,,
Best of Rock Vol. XXVII,16,Beep Beep,The Threat of Nature,4:14,Saddle Creek,,,
Best of Rock Vol. XXVII,17,The Breeders,Cannonball,3:34,90s,,,
Best of Rock Vol. XXVII,18,The Hives,Walk Idiot Walk,3:30,rock,,,
Best of Rock Vol. XXVII,19,Marilyn Manson,Mechanical Animals,4:39,industrial,,,
Best of Rock Vol. XXVII,20,The Polyphonic Spree,Hold Me Now,4:28,indie,,,
Best of Rock Vol. XXVIII,1,David Bowie,Ziggy Stardust,3:09,classic rock,,,
Best of Rock Vol. XXVIII,2,The Notwist,Pilot,4:29,electronic,,,
Best of Rock Vol. XXVIII,3,Interpol,Evil,3:37,indie,,,
Best of Rock Vol. XXVIII,4,Pink Floyd,Have a Cigar,5:27,Progressive rock,,,
Best of Rock Vol. XXVIII,5,The Shins,New Slang,3:51,indie,,,
Best of Rock Vol. XXVIII,6,John Lennon,Instant Karma,3:02,classic rock,,,
Best of Rock Vol. XXVIII,7,The Cure,Pictures of You,7:28,80s,,,
Best of Rock Vol. XXVIII,8,Beach Boys,Wouldn't It Be Nice,2:34,60s,,,
Best of Rock Vol. XXVIII,9,The Killers,Somebody Told Me,3:17,rock,,,
Best of Rock Vol. XXVIII,10,Refused,Summerholidays vs. Punkroutine,0:00,hardcore,,,
Best of Rock Vol. XXVIII,11,TV on the Radio,Staring at the Sun,3:31,indie,,,
Best of Rock Vol. XXVIII,12,Against Me!,Pints of Guinness Make You Strong,3:40,punk,,,
Best of Rock Vol. XXVIII,13,The Mars Volta,Roulette Dares (the Haunt Of),7:31,Progressive rock,,,
Best of Rock Vol. XXVIII,14,Electric Six,Danger! High Voltage,4:23,rock,,,
Best of Rock Vol. XXVIII,15,Radiohead,Karma Police,4:13,alternative,,,
Best of Rock Vol. XXVIII,16,The Faint,Call Call,2:26,electronic,,,
Best of Rock Vol. XXVIII,17,Muse,Cave,4:46,alternative rock,,,
Best of Rock Vol. XXVIII,18,Hot Hot Heat,Bandages,3:30,indie,,,
Best of Rock Vol. XXVIII,19,The Smiths,The Queen Is Dead,3:49,80s,,,
Best of Rock Vol. XXIX,1,The Mars Volta,The Widow,3:18,Progressive rock,,,
Best of Rock Vol. XXIX,2,Neutral Milk Hotel,Holland,3:12,,indie,,,
Best of Rock Vol. XXIX,3,Nine Inch Nails,Down In It,0:00,industrial,,,
Best of Rock Vol. XXIX,4,Smashing Pumpkins,Zero,3:13,rock,,,
Best of Rock Vol. XXIX,5,Depeche Mode,Personal Jesus,4:56,80s,,,
Best of Rock Vol. XXIX,6,Talking Heads,Psycho Killer,4:15,new wave,,,
Best of Rock Vol. XXIX,7,The Faint,Dropkick the Punks,2:28,punk,,,
Best of Rock Vol. XXIX,8,Muse,Hysteria,4:19,alternative rock,,,
Best of Rock Vol. XXIX,9,Pixies,Debaser,3:05,alternative,,,
Best of Rock Vol. XXIX,10,Arcade Fire,Neighborhood #3 (Power Out),6:00,indie rock,,,
Best of Rock Vol. XXIX,11,The Rapture,I Need Your Love,4:39,indie,,,
Best of Rock Vol. XXIX,12,Modest Mouse,Dramamine,4:52,indie,,,
Best of Rock Vol. XXIX,13,Radiohead,Life in a Glasshouse,4:34,jazz,,,
Best of Rock Vol. XXIX,14,The Shins,Saint Simon,4:25,indie,,,
Best of Rock Vol. XXIX,15,Pink Floyd,Run Like Hell,9:16,Progressive rock,,,
Best of Rock Vol. XXIX,16,Soundgarden,Outshined,5:24,Grunge,,,
Best of Rock Vol. XXIX,17,Cracker,Low,4:36,alternative,,,
Best of Rock Vol. XXIX,18,Ladytron,Seventeen,5:08,electronic,,,
Best of Rock Vol. XXX,1,Laibach,Tanz Mit Laibach,0:00,industrial,,,
Best of Rock Vol. XXX,2,Of Montreal,Disconnect the Dots,4:25,indie,,,
Best of Rock Vol. XXX,3,Animal Collective,Who Could Win a Rabbit?,3:43,experimental,,,
Best of Rock Vol. XXX,4,Air,Sexy Boy,4:58,electronic,,,
Best of Rock Vol. XXX,5,Yo La Tengo,Moby Octopad,5:48,indie,,,
Best of Rock Vol. XXX,6,Radiohead,There There,5:52,alternative,,,
Best of Rock Vol. XXX,7,The Mars Volta,Drunkship of Lanterns,7:05,Progressive rock,,,
Best of Rock Vol. XXX,8,Ladytron,Cracked LCD,0:00,electronic,,,
Best of Rock Vol. XXX,9,Neutral Milk Hotel,Song Against Sex,3:41,indie,,,
Best of Rock Vol. XXX,10,Bloc Party,Helicopter,3:40,indie,,,
Best of Rock Vol. XXX,11,Pixies,Hey,3:48,alternative,,,
Best of Rock Vol. XXX,12,Wumpscut,Concrete Rage,4:22,ebm,,,
Best of Rock Vol. XXX,13,Pink Floyd,Take Up Thy Stethoscope and Walk,3:06,Psychedelic Rock,,,
Best of Rock Vol. XXX,14,Beck,E-Pro,0:00,alternative,,,
Best of Rock Vol. XXX,15,Head Automatica,The Razor,3:31,rock,,,
Best of Rock Vol. XXX,16,The White Stripes,Black Math,2:58,rock,,,
Best of Rock Vol. XXX,17,The Cure,Killing An Arab,0:00,new wave,,,
Best of Rock Vol. XXX,18,Interpol,Obstacle 2,3:47,indie rock,,,
Best of Rock Vol. XXX,19,Self,Trunk Fulla Amps,3:24,electronic,,,
Best of Rock Vol. XXX,20,Belle & Sebastian,Step Into My Office,4:12,,indie,,,
Best of Rock Vol. XXXI,1,Gorillaz,Feel Good,3:40,,alternative,,,
Best of Rock Vol. XXXI,2,Xiu Xiu,Crank Heart,3:19,experimental,,,
Best of Rock Vol. XXXI,3,Sublime,Smoke Two Joints,0:00,ska,,,
Best of Rock Vol. XXXI,4,Radiohead,Street Spirit (Fade Out),4:12,alternative,,,
Best of Rock Vol. XXXI,5,New Order,Blue Monday,7:28,80s,,,
Best of Rock Vol. XXXI,6,Pixies,Mr. Grieves,1:57,rock,,,
Best of Rock Vol. XXXI,7,Rancid,Maxwell Murder,1:27,punk,,,
Best of Rock Vol. XXXI,8,Yo La Tengo,Sugarcube,3:21,indie,,,
Best of Rock Vol. XXXI,9,At the Drive-In,198d,4:03,post-hardcore,,,
Best of Rock Vol. XXXI,10,Refused,New Noise,5:08,hardcore,,,
Best of Rock Vol. XXXI,11,The Cure,Play for Today,3:37,new wave,,,
Best of Rock Vol. XXXI,12,My Bloody Valentine,Only Shallow,0:00,shoegaze,,,
Best of Rock Vol. XXXI,13,LCD Soundsystem,Daft Punk is Playing At My House,3:21,electronic,,,
Best of Rock Vol. XXXI,14,The Mars Volta,Take the Veil...Cerpin Taxt,0:00,Unknown,,,
Best of Rock Vol. XXXI,15,Modest Mouse,Jesus Christ Was An Only Child,2:36,indie,,,
Best of Rock Vol. XXXI,16,Secret Machines,Sad and Lonely,0:00,indie rock,,,
Best of Rock Vol. XXXI,17,Type O Negative,Black No. 1,0:00,Gothic Metal,,,
Best of Rock Vol. XXXII,1,Zack de la Rocha & DJ Shadow,March of Death,4:08,hip hop,,,
Best of Rock Vol. XXXII,2,Console,14 Zero Zero,0:00,electro,,,
Best of Rock Vol. XXXII,3,Team Sleep,King Diamond,4:10,electronic,,,
Best of Rock Vol. XXXII,4,Gorillaz,Dare,4:40,alternative,,,
Best of Rock Vol. XXXII,5,Pixies,Where Is My Mind?,5:00,alternative,,,
Best of Rock Vol. XXXII,6,The White Stripes,Red Rain,3:52,rock,,,
Best of Rock Vol. XXXII,7,!!!,The King's Weed,0:00,dance punk,,,
Best of Rock Vol. XXXII,8,Joy Division,Twenty Four Hours,4:24,post-punk,,,
Best of Rock Vol. XXXII,9,Neutral Milk Hotel,Two-Headed Boy,4:26,indie,,,
Best of Rock Vol. XXXII,10,David Bowie,I'm Afraid of Americans,5:26,rock,,,
Best of Rock Vol. XXXII,11,Interpol,Roland,0:00,indie,,,
Best of Rock Vol. XXXII,12,Smashing Pumpkins,Cherub Rock,4:58,alternative rock,,,
Best of Rock Vol. XXXII,13,Modest Mouse,Cowboy Dan,6:14,indie rock,,,
Best of Rock Vol. XXXII,14,Rancid,Roots and Radicals,2:59,Unknown,,,
Best of Rock Vol. XXXII,15,Stealers Wheel,Stuck in the Middle With You,3:24,classic rock,,,
Best of Rock Vol. XXXII,16,Marcy Playground,Sex and Candy,2:53,90s,,,
Best of Rock Vol. XXXII,17,Pink Floyd,Lucifer Sam,3:09,Psychedelic Rock,,,
Best of Rock Vol. XXXII,18,Sham 69,If the Kids Are United,3:46,punk,,,
Best of Rock Vol. XXXII,19,Cake,I Will Survive,5:10,cover,,,
Best of Rock Vol. XXXII,20,Bjork,Hyper-ballad,4:52,electronic,,,
Best of Rock Vol. XXXIII,1,...And You Will Know Us by the Trail of Dead,Another Morning Stoner,4:05,indie,,,
Best of Rock Vol. XXXIII,2,Broken Social Scene,Anthem for a Seventeen Year-Old Girl,0:00,Unknown,,,
Best of Rock Vol. XXXIII,3,Arcade Fire,Wake Up,7:42,indie rock,,,
Best of Rock Vol. XXXIII,4,The Postal Service,Such Great Heights,4:57,indie,,,
Best of Rock Vol. XXXIII,5,Interpol,Stella was a Diver and She was Always Down,0:00,indie,,,
Best of Rock Vol. XXXIII,6,Cursive,The Recluse,3:03,indie,,,
Best of Rock Vol. XXXIII,7,Death Cab for Cutie,Transatlanticism,8:42,indie,,,
Best of Rock Vol. XXXIII,8,Bauhaus,Dark Entries,4:34,post-punk,,,
Best of Rock Vol. XXXIII,9,The Flaming Lips,One More Robot (Symphony 3000-21),0:00,Unknown,,,
Best of Rock Vol. XXXIII,10,The Mars Volta,Cassandra Gemini,34:39,Progressive rock,,,
Best of Rock Vol. XXXIV,1,TV on the Radio,New Health Rock,4:05,experimental,,,
Best of Rock Vol. XXXIV,2,Blur,Girls and Boys,4:18,britpop,,,
Best of Rock Vol. XXXIV,3,Massive Attack,Risingson,4:59,trip-hop,,,
Best of Rock Vol. XXXIV,4,The Cure,M,2:52,post-punk,,,
Best of Rock Vol. XXXIV,5,The Faint,Paranoiattack,4:16,electronic,,,
Best of Rock Vol. XXXIV,6,Radiohead,Packt Like Sardines in a Crushd Tin Box,3:28,alternative,,,
Best of Rock Vol. XXXIV,7,The White Stripes,Blue Orchid,2:21,rock,,,
Best of Rock Vol. XXXIV,8,Bright Eyes,We Are Nowhere and It's Now,4:12,indie,,,
Best of Rock Vol. XXXIV,9,The Postal Service,We Will Become Silhouettes,5:34,indie,,,
Best of Rock Vol. XXXIV,10,The Mars Volta,Concertina,0:00,Progressive rock,,,
Best of Rock Vol. XXXIV,11,Portishead,Wandering Star,4:53,trip-hop,,,
Best of Rock Vol. XXXIV,12,The New Pornographers,The Laws Have Changed,3:28,indie rock,,,
Best of Rock Vol. XXXIV,13,Air,How Does It Make You Feel?,4:37,electronic,,,
Best of Rock Vol. XXXIV,14,System of a Down,Question?,3:20,alternative metal,,,
Best of Rock Vol. XXXIV,15,Oasis,Wonderwall,4:39,rock,,,
Best of Rock Vol. XXXV,1,Bauhaus,Third Uncle (Brian Eno),0:00,post-punk,,,
Best of Rock Vol. XXXV,2,Joy Division,Day of the Lords,4:44,post-punk,,,
Best of Rock Vol. XXXV,3,Pigface,Eat Shit You Fucking Redneck,3:24,industrial rock,,,
Best of Rock Vol. XXXV,4,Coldplay,Don't Panic,2:17,rock,,,
Best of Rock Vol. XXXV,5,The Rapture,Olio,5:20,indie,,,
Best of Rock Vol. XXXV,6,The Shins,Caring Is Creepy,3:20,indie,,,
Best of Rock Vol. XXXV,7,Sonic Youth,Kool Thing,4:06,alternative,,,
Best of Rock Vol. XXXV,8,Bear Vs. Shark,Ma Jolie,3:51,indie rock,,,
Best of Rock Vol. XXXV,9,The Faint,Your Retro Career Melted,3:08,dance,,,
Best of Rock Vol. XXXV,10,Ladytron,Commodore Rock,0:00,electronic,,,
Best of Rock Vol. XXXV,11,Fischerspooner,Just Let Go,0:00,Electroclash,,,
Best of Rock Vol. XXXV,12,Portishead,Cowboys,4:40,trip-hop,,,
Best of Rock Vol. XXXV,13,Thunderbirds Are Now!,Better Safe Than Safari,2:36,indie rock,,,
Best of Rock Vol. XXXV,14,The Usaisamonster,Poison Snake,3:47,seen live,,,
Best of Rock Vol. XXXV,15,Massive Attack,Daydreaming,5:23,trip-hop,,,
Best of Rock Vol. XXXV,16,Yo La Tengo,Little Honda,3:07,indie,,,
Best of Rock Vol. XXXV,17,The New Pornographers,From Blown Speakers,2:49,indie,,,
Best of Rock Vol. XXXV,18,Neutral Milk Hotel,Ghost,4:08,indie,,,
Best of Rock Vol. XXXV,19,Trans Am,Television Eyes,5:26,post-rock,,,
Best of Rock Vol. XXXV,20,Of Montreal,My British Tour Diary,2:19,indie pop,,,
Best of Rock Vol. XXXVI,1,The Smiths,How Soon Is Now,4:13,80s,,,
Best of Rock Vol. XXXVI,2,Fugazi,Cashout,4:35,post-hardcore,,,
Best of Rock Vol. XXXVI,3,Sonic Youth,100%,2:28,alternative,,,
Best of Rock Vol. XXXVI,4,Guided By Voices,Hot Freaks,1:44,Lo-Fi,,,
Best of Rock Vol. XXXVI,5,Ugly Casanova,Parasites,3:36,indie,,,
Best of Rock Vol. XXXVI,6,Sleater-Kinney,One Beat,3:08,indie,,,
Best of Rock Vol. XXXVI,7,Of Montreal,I Was Never Young,3:30,indie pop,,,
Best of Rock Vol. XXXVI,8,Brainiac,Vincent Come On Down,2:34,holy shit,,,
Best of Rock Vol. XXXVI,9,Iron and Wine,Woman King,3:18,folk,,,
Best of Rock Vol. XXXVI,10,Architecture in Helsinki,Scissor Paper Rock,2:29,indie,,,
Best of Rock Vol. XXXVI,11,Regina Spektor,Ghost of Corporate Future,3:08,Regina Spektor,,,
Best of Rock Vol. XXXVI,12,Morrissey,You're the One for Me,0:00,,indie,,,
Best of Rock Vol. XXXVI,13,Grandaddy,Collective Dreamwish of Upperclass Elegance,5:26,indie,,,
Best of Rock Vol. XXXVI,14,Broken Social Scene,Almost Crimes (Radio Kills Remix),4:25,indie,,,
Best of Rock Vol. XXXVI,15,Neutral Milk Hotel,Three Peaches,4:01,indie,,,
Best of Rock Vol. XXXVI,16,PJ Harvey,This Mess We're In,3:57,alternative,,,
Best of Rock Vol. XXXVI,17,Ladytron,Sugar,0:00,electronic,,,
Best of Rock Vol. XXXVI,18,DeVotchKa,The Enemy Guns,4:21,Gypsy,,,
Best of Rock Vol. XXXVI,19,Dresden Dolls,Girl Anachronism,2:59,punk cabaret,,,
Best of Rock Vol. XXXVI,20,Yeah Yeah Yeahs,Date with the Night,2:35,indie rock,,,
Best of Rock Vol. XXXVI,21,Death Cab for Cutie,Soul Meets Body,3:29,indie,,,
Best of Rock Vol. XXXVI,22,Beulah,If We Can Land a Man on the Moon,3:20,,indie,,,
Best of Rock Vol. XXXVII,1,Pink Floyd,Astronomy Domine,4:56,Psychedelic Rock,,,
Best of Rock Vol. XXXVII,2,Tom Waits,Rain Dogs,0:00,Tom Waits,,,
Best of Rock Vol. XXXVII,3,The Stooges,Down on the Street,3:43,punk,,,
Best of Rock Vol. XXXVII,4,Jimi Hendrix,All Along the Watchtower,3:58,classic rock,,,
Best of Rock Vol. XXXVII,5,The Black Keys,10 A.M. Automatic,3:31,blues rock,,,
Best of Rock Vol. XXXVII,6,The Raconteurs,Steady As She Goes,3:39,rock,,,
Best of Rock Vol. XXXVII,7,Guided By Voices,Tractor Rape Chain,2:47,indie rock,,,
Best of Rock Vol. XXXVII,8,The Strokes,Soma,2:53,indie rock,,,
Best of Rock Vol. XXXVII,9,The Mountain Goats,Cubs In Five,2:10,singer-songwriter,,,
Best of Rock Vol. XXXVII,10,Clap Your Hands Say Yeah,The Skin of My Yellow Country Teeth,5:45,indie,,,
Best of Rock Vol. XXXVII,11,Ugly Casanova,Ice on the Sheets,6:33,indie,,,
Best of Rock Vol. XXXVII,12,The White Stripes,Girl,0:00,,rock,,,
Best of Rock Vol. XXXVII,13,Arctic Monkeys,I Bet You Look Good on the Dancefloor,2:53,indie rock,,,
Best of Rock Vol. XXXVII,14,Broken Social Scene,Windsurfing Nation,4:35,indie,,,
Best of Rock Vol. XXXVII,15,Mogwai,Glasgow Mega-Snake,4:13,post-rock,,,
Best of Rock Vol. XXXVII,16,Radiohead,Fog (Again) [live],0:00,piano,,,
Best of Rock Vol. XXXVII,17,Lali Puna,Contratempo,4:25,electronic,,,
Best of Rock Vol. XXXVII,18,The Notwist,No Encores,4:26,indie,,,
Best of Rock Vol. XXXVII,19,Of Montreal,Doing Nothing,3:23,Roctronik,,,
Best of Rock Vol. XXXVII,20,Grandaddy,Summer Here Kids,3:37,indie,,,
Best of Rock Vol. XXXVII,21,Fischerspooner,Megacolon,5:37,electro,,,
Best of Rock Vol. XXXVIII,1,!!!,Take Ecstacy With Me,7:41,covers,,,
Best of Rock Vol. XXXVIII,2,Gang of Four,Ether,0:00,post-punk,,,
Best of Rock Vol. XXXVIII,3,Spoon,I Turn My Camera On,3:54,indie,,,
Best of Rock Vol. XXXVIII,4,Pink Floyd,See Emily Play,2:57,Psychedelic Rock,,,
Best of Rock Vol. XXXVIII,5,Bauhaus,Telegram Sam,2:20,post-punk,,,
Best of Rock Vol. XXXVIII,6,The Black Keys,When the Lights Go Out,3:24,blues rock,,,
Best of Rock Vol. XXXVIII,7,Secret Machines,The Road Leads Where It's Led,4:38,indie,,,
Best of Rock Vol. XXXVIII,8,Guided By Voices,Kicker of Elves,1:15,alternative,,,
Best of Rock Vol. XXXVIII,9,Pixies,Rock Music,2:04,rock,,,
Best of Rock Vol. XXXVIII,10,Pavement,Two States,1:45,indie rock,,,
Best of Rock Vol. XXXVIII,11,Liars,The Other Side of Mt. Heart Attack,4:43,indie,,,
Best of Rock Vol. XXXVIII,12,Sonic Youth,Disconnection Notice,7:17,alternative,,,
Best of Rock Vol. XXXVIII,13,Devendra Banhart,The Body Breaks,2:43,folk,,,
Best of Rock Vol. XXXVIII,14,Modest Mouse,Bankrupt On Selling,2:53,indie,,,
Best of Rock Vol. XXXVIII,15,Sigur Ros,Hoppipolla,4:29,post-rock,,,
Best of Rock Vol. XXXVIII,16,Boards of Canada,1969,4:20,electronic,,,
Best of Rock Vol. XXXVIII,17,The Flaming Lips,Yeah Yeah Yeah Song,3:41,indie,,,
Best of Rock Vol. XXXVIII,18,Omar Rodriguez-Lopez,The Palpatations Form a Limit,0:00,post-rock,,,
Best of Rock Vol. XXXVIII,19,Silver Jews,Rebel Jew,3:10,indie,,,
Best of Rock Vol. XXXVIII,20,Tom Waits,Big Black Mariah,0:00,blues,,,
Best of Rock Vol. XXXVIII,21,Wolf Parade,We Built Another World,3:15,indie,,,
Best of Rock Vol. XXXVIII,22,AC Newman,Miracle Drug,2:19,indie rock,,,
Best of Rock Vol. XXXIX,1,Joy Division,Warsaw,2:24,post-punk,,,
Best of Rock Vol. XXXIX,2,Bauhaus,Bela Lugosi's Dead,9:46,post-punk,,,
Best of Rock Vol. XXXIX,3,Nine Inch Nails,Sin,4:15,industrial,,,
Best of Rock Vol. XXXIX,4,Ladytron,Nuhorizons,4:04,Electroclash,,,
Best of Rock Vol. XXXIX,5,Thom Yorke,Black Swan,4:40,alternative,,,
Best of Rock Vol. XXXIX,6,The Flaming Lips,The W.A.N.D.,3:42,indie,,,
Best of Rock Vol. XXXIX,7,Deerhoof,O'Malley,0:00,,indie,,,
Best of Rock Vol. XXXIX,8,Cat Power,Cross Bones Style,4:31,indie,,,
Best of Rock Vol. XXXIX,9,Sonic Youth,Jams Run Free,4:11,alternative,,,
Best of Rock Vol. XXXIX,10,Broken Social Scene,Cause = Time,7:28,indie,,,
Best of Rock Vol. XXXIX,11,Spoon,They Never Got You,4:59,indie rock,,,
Best of Rock Vol. XXXIX,12,The Walkmen,Little House of Savages,3:13,indie rock,,,
Best of Rock Vol. XXXIX,13,Secret Machines,I Hate Pretending,5:15,rock,,,
Best of Rock Vol. XXXIX,14,...And You Will Know Us by the Trail of Dead,Baudelaire,4:16,rock,,,
Best of Rock Vol. XXXIX,15,Tool,Lost Keys (Blame Hofmann),3:46,Progressive metal,,,
Best of Rock Vol. XXXIX,16,Tool,Rosetta Stoned,11:11,Progressive metal,,,
Best of Rock Vol. XL,1,Cream,Sunshine of Your Love,4:10,classic rock,,,
Best of Rock Vol. XL,2,Joy Division,Transmission,3:35,post-punk,,,
Best of Rock Vol. XL,3,Bauhaus,Ziggy Stardust,3:13,cover,,,
Best of Rock Vol. XL,4,Gang of Four,To Hell With Poverty,5:00,post-punk,,,
Best of Rock Vol. XL,5,Os Mutantes,A Minha Menina,0:00,psychedelic,,,
Best of Rock Vol. XL,6,TV on the Radio,Wolf Like Me,4:47,indie rock,,,
Best of Rock Vol. XL,7,The Mars Volta,Vermicide,4:16,Progressive rock,,,
Best of Rock Vol. XL,8,Sonic Youth,Incinerate,4:55,alternative,,,
Best of Rock Vol. XL,9,The White Stripes,Hotel Yorba,2:14,rock,,,
Best of Rock Vol. XL,10,Iggy Pop,The Passenger,4:41,rock,,,
Best of Rock Vol. XL,11,Pink Floyd,Interstellar Overdrive,9:52,psychedelic,,,
Best of Rock Vol. XL,12,Syd Barrett,Opel,0:00,psychedelic,,,
Best of Rock Vol. XL,13,Guided By Voices,Buzzards and Dreadful Crows,0:00,indie rock,,,
Best of Rock Vol. XL,14,New Order,Temptation,5:27,new wave,,,
Best of Rock Vol. XL,15,The Cure,Disintegration,10:14,new wave,,,
Best of Rock Vol. XL,16,Jimi Hendrix,Voodoo Child (Slight Return),12:28,classic rock,,,
Best of Rock Vol. XLI,1,Muse,Starlight,3:59,alternative rock,,,
Best of Rock Vol. XLI,2,Mission of Burma,That's When I Reach for My Revolver,0:00,post-punk,,,
Best of Rock Vol. XLI,3,Tapes 'n Tapes,Insistor,4:19,indie rock,,,
Best of Rock Vol. XLI,4,The Flaming Lips,She Don't Use Jelly,3:42,indie,,,
Best of Rock Vol. XLI,5,TV on the Radio,A Method,4:28,indie,,,
Best of Rock Vol. XLI,6,Gnarls Barkley,Gone Daddy Gone,2:36,cover,,,
Best of Rock Vol. XLI,7,Ciccone Youth,Into the Groovey,4:37,experimental,,,
Best of Rock Vol. XLI,8,Massive Attack,Butterfly Caught,0:00,trip-hop,,,
Best of Rock Vol. XLI,9,Tricky,Aftermath,0:00,trip-hop,,,
Best of Rock Vol. XLI,10,Bauhaus,God In An Alcove,4:04,post-punk,,,
Best of Rock Vol. XLI,11,Os Mutantes,Bat Macumba,3:09,tropicalia,,,
Best of Rock Vol. XLI,12,Syd Barrett,Dark Globe,0:53,psychedelic,,,
Best of Rock Vol. XLI,13,Boards of Canada,In a Beautiful Place Out in the Country,0:00,electronic,,,
Best of Rock Vol. XLI,14,Lali Puna,People I Know,3:05,electronic,,,
Best of Rock Vol. XLI,15,Love and Rockets,Kundalini Express,0:00,post-punk,,,
Best of Rock Vol. XLI,16,Sonic Youth,What a Waste,3:55,rock,,,
Best of Rock Vol. XLI,17,Modest Mouse,Paper Thin Walls,3:01,indie,,,
Best of Rock Vol. XLI,18,Pixies,Broken Face,3:26,rock,,,
Best of Rock Vol. XLI,19,The Books,All Bad Ends All,2:42,experimental,,,
Best of Rock Vol. XLII,1,At the Drive-In,Ticklish,4:35,post-hardcore,,,
Best of Rock Vol. XLII,2,Tapes 'n Tapes,Cowbell,2:33,indie,,,
Best of Rock Vol. XLII,3,Muse,Supermassive Black Hole,4:01,alternative rock,,,
Best of Rock Vol. XLII,4,The Mars Volta,Meccamputechture,11:03,Progressive rock,,,
Best of Rock Vol. XLII,5,Radiohead,Just,3:54,alternative,,,
Best of Rock Vol. XLII,6,Tom Waits,Jockey Full of Bourbon,2:45,blues,,,
Best of Rock Vol. XLII,7,Beck,Broken Drum (Boards of Canada remix),0:00,electronica,,,
Best of Rock Vol. XLII,8,Pink Floyd,Jugband Blues,3:47,Psychedelic Rock,,,
Best of Rock Vol. XLII,9,Led Zeppelin,Bron-Y-Aur Stomp,0:00,classic rock,,,
Best of Rock Vol. XLII,10,Talking Heads,Life During Wartime,4:11,new wave,,,
Best of Rock Vol. XLII,11,Kraftwerk,Pocket Calculator,1:52,electronic,,,
Best of Rock Vol. XLII,12,Pere Ubu,Final Solution,4:46,post-punk,,,
Best of Rock Vol. XLII,13,TV on the Radio,Hours,3:55,indie,,,
Best of Rock Vol. XLII,14,Liars,It Fit When I Was a Kid,4:06,experimental,,,
Best of Rock Vol. XLII,15,Secret Machines,Lightning Blue Eyes,5:30,rock,,,
Best of Rock Vol. XLII,16,My Bloody Valentine,When You Sleep,0:00,shoegaze,,,
Best of Rock Vol. XLII,17,Portishead,Sour Times,4:22,trip-hop,,,
Best of Rock Vol. XLIII,1,Miss Kittin & the Hacker,Frank Sinatra,3:52,Electroclash,,,
Best of Rock Vol. XLIII,2,Tricky,Evolution Revolution Love,4:08,trip-hop,,,
Best of Rock Vol. XLIII,3,Tom Waits,16 Shells from a Thirty Ought Six,0:00,damn,,,
Best of Rock Vol. XLIII,4,The Walkmen,New Year's Eve,2:20,american i like,,,
Best of Rock Vol. XLIII,5,The Flaming Lips,A Spoonful Weighs a Ton,3:32,indie rock,,,
Best of Rock Vol. XLIII,6,TV on the Radio,Let the Devil In,4:27,indie,,,
Best of Rock Vol. XLIII,7,Yo La Tengo,Pass the Hatchet,0:00,,indie,,,
Best of Rock Vol. XLIII,8,Sonic Youth,Tom Violence,3:12,alternative rock,,,
Best of Rock Vol. XLIII,9,...And You Will Know Us by the Trail of Dead,Will You Smile Again?,6:51,rock,,,
Best of Rock Vol. XLIII,10,Big Black,The Model,3:56,cover,,,
Best of Rock Vol. XLIII,11,KMFDM,Hau Ruck,5:22,industrial,,,
Best of Rock Vol. XLIII,12,Mission of Burma,Outlaw,2:37,post-punk,,,
Best of Rock Vol. XLIII,13,The Smiths,Frankly,0:00,,80s,,,
Best of Rock Vol. XLIII,14,Pink Floyd,Flaming,2:35,Psychedelic Rock,,,
Best of Rock Vol. XLIII,15,Syd Barrett,Baby Lemonade,2:23,psychedelic,,,
Best of Rock Vol. XLIII,16,Talking Heads,Once in a Lifetime,4:19,80s,,,
Best of Rock Vol. XLIII,17,Radiohead,No Surprises,3:49,alternative,,,
Best of Rock Vol. XLIII,18,Muse,Knights of Cydonia,6:06,rock,,,
Best of Rock Vol. XLIV,1,Jimi Hendrix,Purple Haze,3:23,classic rock,,,
Best of Rock Vol. XLIV,2,Led Zeppelin,Immigrant Song,3:33,classic rock,,,
Best of Rock Vol. XLIV,3,Tom Waits,Lie to Me,8:08,blues,,,
Best of Rock Vol. XLIV,4,Echo & the Bunnymen,The Cutter,3:53,80s,,,
Best of Rock Vol. XLIV,5,The Velvet Underground,Sunday Morning,2:55,rock,,,
Best of Rock Vol. XLIV,6,Jefferson Airplane,White Rabbit,2:35,psychedelic,,,
Best of Rock Vol. XLIV,7,The Zombies,Time of the Season,3:01,60s,,,
Best of Rock Vol. XLIV,8,Elton John,Tiny Dancer,6:16,classic rock,,,
Best of Rock Vol. XLIV,9,David Bowie,The Man Who Sold the World,3:01,rock,,,
Best of Rock Vol. XLIV,10,Johnny Cash,The Man in Black,2:52,country,,,
Best of Rock Vol. XLIV,11,Bob Dylan,Like a Rolling Stone,6:09,folk,,,
Best of Rock Vol. XLIV,12,John Lennon,Working Class Hero,3:50,classic rock,,,
Best of Rock Vol. XLIV,13,The Beatles,A Day in the Life,4:52,classic rock,,,
Best of Rock Vol. XLIV,14,Syd Barrett,Dominoes,3:03,psychedelic,,,
Best of Rock Vol. XLIV,15,Pink Floyd,Learning to Fly,4:52,Progressive rock,,,
Best of Rock Vol. XLIV,16,David Gilmour,On An Island,7:28,Progressive rock,,,
Best of Rock Vol. XLIV,17,Black Sabbath,Planet Caravan,4:30,heavy metal,,,
Best of Rock Vol. XLIV,18,The Stooges,1970,5:15,proto-punk,,,
Best of Rock Vol. XLV,1,Interpol,The Heinrich Maneuver,3:24,indie rock,,,
Best of Rock Vol. XLV,2,!!!,Pardon My Freedom,5:51,indie,,,
Best of Rock Vol. XLV,3,Man Man,Engwish Bwudd,3:33,cabaret,,,
Best of Rock Vol. XLV,4,Of Montreal,Heimdalsgate Like a Promethean Curse,3:18,indie pop,,,
Best of Rock Vol. XLV,5,The White Stripes,Astro,1:43,rock,,,
Best of Rock Vol. XLV,6,Battles,Atlas,10:03,math rock,,,
Best of Rock Vol. XLV,7,Grizzly Bear,Knife,5:14,indie,,,
Best of Rock Vol. XLV,8,Arcade Fire,Black Mirror,0:00,indie,,,
Best of Rock Vol. XLV,9,...And You Will Know Us by the Trail of Dead,Gold Heart Mountain,0:00,Unknown,,,
Best of Rock Vol. XLV,10,Rusted Root,Ecstacy,4:42,Jam,,,
Best of Rock Vol. XLV,11,Nine Inch Nails,The Beginning of the End,2:55,industrial,,,
Best of Rock Vol. XLV,12,Queens of the Stone Age,Lost Art of Keeping a Secret,0:00,rock,,,
Best of Rock Vol. XLV,13,Sublime,April 29,0:00,,ska,,,
Best of Rock Vol. XLV,14,Devo,Mongoloid,3:24,new wave,,,
Best of Rock Vol. XLV,15,Richard Hell & the Voivods,Blank Generation,2:41,punk,,,
Best of Rock Vol. XLV,16,The Black Keys,Till I Get My Way,2:31,blues rock,,,
Best of Rock Vol. XLV,17,Slint,Good Morning,0:00,,post-rock,,,
Best of Rock Vol. XLV,18,Sonic Youth,Karen Revisited,0:00,experimental,,,
Best of Rock Vol. XLVI,1,Nomo,Nu Tones,0:00,jazz,,,
Best of Rock Vol. XLVI,2,Jamie Lidell,When I Come Back Around,5:20,funk,,,
Best of Rock Vol. XLVI,3,Of Montreal,Gronlandic Edit,3:16,indie,,,
Best of Rock Vol. XLVI,4,!!!,Bend Over Beethoven (live @ the Magic Stick 5-11-07),N/A,Unknown,,,
Best of Rock Vol. XLVI,5,Battles,Rainbow,8:11,math rock,,,
Best of Rock Vol. XLVI,6,Slint,Nosferatu Man,7:08,post-rock,,,
Best of Rock Vol. XLVI,7,Interpol,The Scale,3:24,indie rock,,,
Best of Rock Vol. XLVI,8,The White Stripes,300 M.P.H. Torrential Outpour Blues,5:28,rock,,,
Best of Rock Vol. XLVI,9,Spoon,Don't Make Me a Target,3:55,indie,,,
Best of Rock Vol. XLVI,10,Sonic Youth,Hey Joni,3:48,alternative rock,,,
Best of Rock Vol. XLVI,11,The Clash,Know Your Rights,0:00,punk,,,
Best of Rock Vol. XLVI,12,Menomena,The Pelican,3:39,experimental,,,
Best of Rock Vol. XLVI,13,Band of Horses,The Funeral,5:22,indie rock,,,
Best of Rock Vol. XLVI,14,Matthew Dear,Deserter,3:55,electronica,,,
Best of Rock Vol. XLVI,15,Out Hud,The Song So Good They Named It,8:04,electronic,,,
Best of Rock Vol. XLVII,1,The Flaming Lips,Do You Realize??,3:33,indie,,,
Best of Rock Vol. XLVII,2,Professor Murder,Free Stress Test,3:46,indie,,,
Best of Rock Vol. XLVII,3,Muse,Map of the Problematique,5:22,rock,,,
Best of Rock Vol. XLVII,4,The White Stripes,Little Cream Soda,4:21,rock,,,
Best of Rock Vol. XLVII,5,Interpol,Mammoth,4:10,indie rock,,,
Best of Rock Vol. XLVII,6,Of Montreal,Wraith Pinned to the Mist and Other Games,3:54,indie,,,
Best of Rock Vol. XLVII,7,!!!,A New Name,4:54,indie,,,
Best of Rock Vol. XLVII,8,Battles,Leyendecker,3:18,experimental,,,
Best of Rock Vol. XLVII,9,Coil,Babylero,0:51,experimental,,,
Best of Rock Vol. XLVII,10,Miss Kittin & the Hacker,Hometown,8:01,electro,,,
Best of Rock Vol. XLVII,11,Simian Mobile Disco,Hustler,3:42,electronic,,,
Best of Rock Vol. XLVII,12,Air,Mer du Japon,3:10,electronic,,,
Best of Rock Vol. XLVII,13,Jamie Lidell,Multiply,4:24,soul,,,
Best of Rock Vol. XLVII,14,Nomo,Hand and Mouth,4:44,jazz,,,
Best of Rock Vol. XLVII,15,New Order,Ceremony,4:25,new wave,,,
Best of Rock Vol. XLVII,16,The 13th Floor Elevators,You're Gonna Miss Me,2:31,psychedelic,,,
Best of Rock Vol. XLVII,17,The Olivia Tremor Control,A Sleepy Company,3:40,90s,,,
Best of Rock Vol. XLVII,18,Arcade Fire,Keep the Car Running,4:23,indie,,,
Best of Rock Vol. XLVII,19,Caribou,Bees,5:23,electronic,,,
Best of Rock Vol. XLVIII,1,Bob Dylan,Subterranean Homesick Blues,2:20,folk,,,
Best of Rock Vol. XLVIII,2,Peter Bjorn and John,Young Folks,4:38,indie,,,
Best of Rock Vol. XLVIII,3,Clap Your Hands Say Yeah,Satan Said Dance,0:00,indie,,,
Best of Rock Vol. XLVIII,4,The National,Mistaken for Strangers,3:57,indie rock,,,
Best of Rock Vol. XLVIII,5,Modest Mouse,Dashboard,4:04,indie,,,
Best of Rock Vol. XLVIII,6,Spoon,The Underdog,3:40,indie,,,
Best of Rock Vol. XLVIII,7,!!!,Heart of Hearts,6:02,electronic,,,
Best of Rock Vol. XLVIII,8,Holy Fuck,Lovely Allen,4:30,electronic,,,
Best of Rock Vol. XLVIII,9,The White Stripes,A Martyr for My Love for You,4:50,rock,,,
Best of Rock Vol. XLVIII,10,Arcade Fire,(Antichrist Television Blues),5:10,indie rock,,,
Best of Rock Vol. XLVIII,11,Interpol,Pioneer to the Fall,5:41,Unknown,,,
Best of Rock Vol. XLVIII,12,hollAND,Anna Winter Stasi,1:59,Unknown,,,
Best of Rock Vol. XLVIII,13,Radiohead,Jigsaw Falling Into Place,4:08,alternative,,,
Best of Rock Vol. XLVIII,14,The Shins,Phantom Limb,4:48,indie,,,
Best of Rock Vol. XLVIII,15,Television,Little Johnny Jewel,14:29,new wave,,,
Best of Rock Vol. XLVIII,16,Bob Dylan,Hurricane,8:18,folk,,,
Best of Rock Vol. XLIX: Led Zeppelin Edition,1,Led Zeppelin,Good Times,0:00,,rock,,,
Best of Rock Vol. XLIX: Led Zeppelin Edition,2,Led Zeppelin,Dazed and Confused,32:33,classic rock,,,
Best of Rock Vol. XLIX: Led Zeppelin Edition,3,Led Zeppelin,Heartbreaker,8:44,classic rock,,,
Best of Rock Vol. XLIX: Led Zeppelin Edition,4,Led Zeppelin,Ramble On,4:24,classic rock,,,
Best of Rock Vol. XLIX: Led Zeppelin Edition,5,Led Zeppelin,Immigrant Song,3:33,classic rock,,,
Best of Rock Vol. XLIX: Led Zeppelin Edition,6,Led Zeppelin,Friends,3:54,classic rock,,,
Best of Rock Vol. XLIX: Led Zeppelin Edition,7,Led Zeppelin,Tangerine,3:06,classic rock,,,
Best of Rock Vol. XLIX: Led Zeppelin Edition,8,Led Zeppelin,That's the Way,8:22,classic rock,,,
Best of Rock Vol. XLIX: Led Zeppelin Edition,9,Led Zeppelin,Bron Y'Aur Stomp,0:00,classic rock,,,
Best of Rock Vol. XLIX: Led Zeppelin Edition,10,Led Zeppelin,Rock and Roll,3:44,classic rock,,,
Best of Rock Vol. XLIX: Led Zeppelin Edition,11,Led Zeppelin,Misty Mountain Hop,4:31,classic rock,,,
Best of Rock Vol. XLIX: Led Zeppelin Edition,12,Led Zeppelin,When the Levee Breaks,9:39,classic rock,,,
Best of Rock Vol. XLIX: Led Zeppelin Edition,13,Led Zeppelin,The Song Remains the Same,5:29,classic rock,,,
Best of Rock Vol. XLIX: Led Zeppelin Edition,14,Led Zeppelin,Trampled Under Foot,5:37,classic rock,,,
Best of Rock Vol. XLIX: Led Zeppelin Edition,15,Led Zeppelin,Achilles Last Stand,9:13,classic rock,,,
Best of Rock Vol. XLIX: Led Zeppelin Edition,16,Led Zeppelin,Fool in the Rain,6:12,classic rock,,,
Best of Rock Vol. L,1,Devendra Banhart,This Beard is for Siobhan,0:00,indie,,,
Best of Rock Vol. L,2,Radiohead,House of Cards,6:08,alternative,,,
Best of Rock Vol. L,3,Portishead,We Carry On,0:00,trip-hop,,,
Best of Rock Vol. L,4,Spoon,Finer Feelings,4:28,indie rock,,,
Best of Rock Vol. L,5,Neil Young,Dirty Old Man,3:20,rock,,,
Best of Rock Vol. L,6,Tom Waits,Goin' Out West,0:00,blues,,,
Best of Rock Vol. L,7,Deerhunter,Cryptograms,4:17,psychedelic,,,
Best of Rock Vol. L,8,Fujiya & Miyagi,Collarbone,3:53,electronic,,,
Best of Rock Vol. L,9,Black Moth Super Rainbow,Rollerdisco,2:34,psychedelic,,,
Best of Rock Vol. L,10,Peter Bjorn and John,Paris 2004,3:52,indie,,,
Best of Rock Vol. L,11,Dudley Saunders,The Undoing (Everyday),5:17,Little Known Gems,,,
Best of Rock Vol. L,12,Andrew Bird,The Trees Were Mistaken,6:30,indie,,,
Best of Rock Vol. L,13,Blur,Death of a Party,4:14,britpop,,,
Best of Rock Vol. L,14,Jamie Lidell,A Little Bit More,3:06,soul,,,
Best of Rock Vol. L,15,Man Man,Gold Teeth,5:52,possibly the greatest song ever sung by a man with a large and over elaborate moustache,,,
Best of Rock Vol. L,16,Mission of Burma,Secrets,0:00,post-punk,,,
Best of Rock Vol. L,17,David Bowie,Hang On to Yourself,0:00,rock,,,
Best of Rock Vol. L,18,Nick Cave & the Bad Seeds,Stagger Lee,0:00,rock,,,
Best of Rock Vol. LI,1,John Vanderslice,Exodus Damage,5:00,indie rock,,,
Best of Rock Vol. LI,2,The National,Apartment Story,4:07,indie rock,,,
Best of Rock Vol. LI,3,Spoon,Don't You Evah,3:31,indie,,,
Best of Rock Vol. LI,4,Radiohead,Reckoner,4:50,alternative,,,
Best of Rock Vol. LI,5,Cut Copy,Lights & Music,4:37,electronic,,,
Best of Rock Vol. LI,6,Portishead,Machine Gun,4:47,trip-hop,,,
Best of Rock Vol. LI,7,Sonic Youth,Sugar Kane,7:42,alternative,,,
Best of Rock Vol. LI,8,Oxford Collapse,Please Visit Your National Parks,4:08,indie rock,,,
Best of Rock Vol. LI,9,Broken Social Scene,Handjobs for the Holidays,4:39,indie,,,
Best of Rock Vol. LI,10,Peter Bjorn and John,Amsterdam,3:39,indie,,,
Best of Rock Vol. LI,11,Yo La Tengo,The Weakest Part,3:01,indie,,,
Best of Rock Vol. LI,12,Sufjan Stevens,Henney Buggy Band,3:16,indie,,,
Best of Rock Vol. LI,13,Nomo,Reasons,5:24,jazz,,,
Best of Rock Vol. LI,14,The Velvet Underground,I'm Waiting for the Man,4:39,rock,,,
Best of Rock Vol. LI,15,Bob Dylan,Tombstone Blues,1:27,folk,,,
Best of Rock Vol. LI,16,The Beatles,Within You Without You,5:26,psychedelic,,,
Best of Rock Vol. LI,17,Tom Waits,Murder in the Red Barn,0:00,Tom Waits,,,
Best of Rock Vol. LII,1,Andrew Bird,Imitosis,4:01,indie,,,
Best of Rock Vol. LII,2,Brendan Canning,Love Is New,0:00,indie rock,,,
Best of Rock Vol. LII,3,Apples in Stereo,Energy,3:30,indie,,,
Best of Rock Vol. LII,4,Spoon,You Got Yr. Cherry Bomb,3:08,indie rock,,,
Best of Rock Vol. LII,5,Radiohead,I Might Be Wrong,4:44,alternative,,,
Best of Rock Vol. LII,6,Ambulance LTD,Primitive (The Way I Treat You),0:00,indie,,,
Best of Rock Vol. LII,7,The Hold Steady,Sequestered in Memphis,4:31,rock,,,
Best of Rock Vol. LII,8,Caribou,Melody Day,4:11,electronic,,,
Best of Rock Vol. LII,9,Yeasayer,2080,5:20,indie,,,
Best of Rock Vol. LII,10,The Dodos,Jodi,6:14,indie,,,
Best of Rock Vol. LII,11,Devendra Banhart,Rejoicing in the Hands,1:41,folk,,,
Best of Rock Vol. LII,12,Broken Social Scene,Major Label Debut,2:48,indie,,,
Best of Rock Vol. LII,13,No Age,Eraser,2:35,noise pop,,,
Best of Rock Vol. LII,14,The Black Keys,All Hands Against His Own,3:01,blues rock,,,
Best of Rock Vol. LII,15,Kevin Drew,Frightening Lives,6:12,rock,,,
Best of Rock Vol. LII,16,The National,Racing Like a Pro,5:24,indie rock,,,
Best of Rock Vol. LII,17,Extra Golden,Obama,8:04,Obama,,,
Best of Rock Vol. LII,18,The White Stripes,Effect and Cause,3:06,rock,,,
Best of Rock Vol. LIII,1,The National,Mr. November,3:52,indie rock,,,
Best of Rock Vol. LIII,2,Spoon,Mountain to Sound,3:50,indie,,,
Best of Rock Vol. LIII,3,The Raconteurs,Broken Boy Soldier,2:59,rock,,,
Best of Rock Vol. LIII,4,The Black Keys,I Got Mine,5:09,blues rock,,,
Best of Rock Vol. LIII,5,The Walkmen,In the New Year,4:22,indie,,,
Best of Rock Vol. LIII,6,Liars,Drum and the Uncomfortable Can,4:55,noise,,,
Best of Rock Vol. LIII,7,Sonic Youth,Schizophrenia,0:00,alternative,,,
Best of Rock Vol. LIII,8,Radiohead,You and Whose Army?,3:25,alternative,,,
Best of Rock Vol. LIII,9,TV on the Radio,Young Liars,5:05,indie,,,
Best of Rock Vol. LIII,10,Thom Yorke,Cymbal Rush,5:10,electronic,,,
Best of Rock Vol. LIII,11,The Dodos,Fools,4:42,indie,,,
Best of Rock Vol. LIII,12,Flogging Molly,Float,4:48,irish,,,
Best of Rock Vol. LIII,13,Man Man,Van Helsing Boombox,3:42,whistling,,,
Best of Rock Vol. LIII,14,The Flaming Lips,My Cosmic Autumn Rebellion,4:51,indie,,,
Best of Rock Vol. LIII,15,Yo La Tengo,The Race is on Again,4:35,indie,,,
Best of Rock Vol. LIII,16,The Zutons,Zuton Fever,3:08,indie,,,
Best of Rock Vol. LIII,17,Primal Scream,Stuka,5:37,dub,,,
Best of Rock Vol. LIV,1,Nick Cave & the Bad Seeds,Albert Goes West,0:00,alternative rock,,,
Best of Rock Vol. LIV,2,Iggy Pop,Sixteen,0:00,punk,,,
Best of Rock Vol. LIV,3,The Rolling Stones,Sympathy for the Devil,7:02,classic rock,,,
Best of Rock Vol. LIV,4,Panda Bear,Comfy in Nautica,4:04,experimental,,,
Best of Rock Vol. LIV,5,Holy Fuck,Frenchy's,2:52,electronic,,,
Best of Rock Vol. LIV,6,Spoon,Stay Don't Go,3:35,indie,,,
Best of Rock Vol. LIV,7,The National,Baby We'll Be Fine,4:51,indie rock,,,
Best of Rock Vol. LIV,8,TV on the Radio,Crying,4:10,indie rock,,,
Best of Rock Vol. LIV,9,Radiohead,15 Step,4:49,alternative,,,
Best of Rock Vol. LIV,10,Sonic Youth,Chapel Hill,4:46,alternative,,,
Best of Rock Vol. LIV,11,Mogwai,Acid Food,3:38,post-rock,,,
Best of Rock Vol. LIV,12,The Sea and Cake,Weekend,3:50,back flight,,,
Best of Rock Vol. LIV,13,Bob Dylan,It's Alright,1:00,,folk,,,
Best of Rock Vol. LIV,14,Tunng,Bullets,5:58,folk,,,
Best of Rock Vol. LIV,15,Nomo,Rings,6:00,jazz fusion,,,
Best of Rock Vol. LIV,16,Tortoise,The Taut and Tame,4:59,post-rock,,,
Best of Rock Vol. LIV,17,Cloudland Canyon,Krautwerk,6:56,krautrock,,,
Best of Rock Vol. LV: Pitchfork and Lollapalooza Edition,1,Yeasayer,Sunrise,4:06,indie,,,
Best of Rock Vol. LV: Pitchfork and Lollapalooza Edition,2,M83,Kim & Jessie,5:23,electronic,,,
Best of Rock Vol. LV: Pitchfork and Lollapalooza Edition,3,The Antlers,Two,5:56,indie,,,
Best of Rock Vol. LV: Pitchfork and Lollapalooza Edition,4,Grizzly Bear,On a Neck,0:00,,indie,,,
Best of Rock Vol. LV: Pitchfork and Lollapalooza Edition,5,The National,About Today,9:41,indie,,,
Best of Rock Vol. LV: Pitchfork and Lollapalooza Edition,6,Cage the Elephant,Ain't No Rest for the Wicked,2:54,rock,,,
Best of Rock Vol. LV: Pitchfork and Lollapalooza Edition,7,Dan Auerbach,My Last Mistake,3:14,blues rock,,,
Best of Rock Vol. LV: Pitchfork and Lollapalooza Edition,8,The Walkmen,Donde Esta La Playa,3:53,indie,,,
Best of Rock Vol. LV: Pitchfork and Lollapalooza Edition,9,Band of Horses,No One's Gonna Love You,4:22,indie,,,
Best of Rock Vol. LV: Pitchfork and Lollapalooza Edition,10,Lou Reed,Mad,0:00,Lou Reed,,,
Best of Rock Vol. LV: Pitchfork and Lollapalooza Edition,11,Built to Spill,Center of the Universe,2:43,indie,,,
Best of Rock Vol. LV: Pitchfork and Lollapalooza Edition,12,Yo La Tengo,Tom Courtenay,3:32,indie,,,
Best of Rock Vol. LV: Pitchfork and Lollapalooza Edition,13,Blitzen Trapper,God & Suicide,2:21,Chuck,,,
Best of Rock Vol. LV: Pitchfork and Lollapalooza Edition,14,Bat for Lashes,What's a Girl To Do?,2:58,female vocalists,,,
Best of Rock Vol. LV: Pitchfork and Lollapalooza Edition,15,Ra Ra Riot,Dying Is Fine,6:10,indie,,,
Best of Rock Vol. LV: Pitchfork and Lollapalooza Edition,16,The Pains of Being Pure at Heart,Young Adult Friction,4:08,indie,,,
Best of Rock Vol. LV: Pitchfork and Lollapalooza Edition,17,The Flaming Lips,Enthusiasm for Life Defeats Existential Fear,5:04,ending,,,
Best of Rock Vol. LV: Pitchfork and Lollapalooza Edition,18,Tortoise,Glass Museum,5:23,post-rock,,,
Best of Rock Vol. LV: Pitchfork and Lollapalooza Edition,19,Jane's Addiction,Jane Says,6:22,alternative rock,,,
Best of Rock Vol. LVI,1,The Dodos,Fables,4:18,indie rock,,,
Best of Rock Vol. LVI,2,The National,So Far Around the Bend,3:43,Dark was the night,,,
Best of Rock Vol. LVI,3,Grizzly Bear,Two Weeks,4:03,indie,,,
Best of Rock Vol. LVI,4,Radiohead,These Are My Twisted Words,5:32,electronic,,,
Best of Rock Vol. LVI,5,Phoenix,Lisztomania,3:19,indie,,,
Best of Rock Vol. LVI,6,Junior Boys,In the Morning,4:40,electronic,,,
Best of Rock Vol. LVI,7,MGMT,Kids (Soulwax remix),5:38,electronic,,,
Best of Rock Vol. LVI,8,The Dead Weather,I Cut Like a Buffalo,3:28,Garage Rock,,,
Best of Rock Vol. LVI,9,Alberta Cross,The Thief & the Heartbreaker,4:41,Awesome,,,
Best of Rock Vol. LVI,10,Band of Horses,Detlef Schrempf,6:02,indie,,,
Best of Rock Vol. LVI,11,The Rural Alberta Advantage,Edmonton,3:50,indie,,,
Best of Rock Vol. LVI,12,Menomena,Weird,3:05,indie rock,,,
Best of Rock Vol. LVI,13,White Rabbits,Kid On My Shoulders,4:34,indie rock,,,
Best of Rock Vol. LVI,14,Dr. Dog,From,4:39,indie,,,
Best of Rock Vol. LVI,15,Spoon,Anything You Want,2:23,indie,,,
Best of Rock Vol. LVI,16,The Velvet Underground,Sweet Jane,5:30,rock,,,
Best of Rock Vol. LVI,17,Bob Dylan,Beyond Here Lies Nothin',3:50,folk,,,
Best of Rock Vol. LVI,18,Nomo,Crescent,6:49,jazz,,,
Best of Rock Vol. LVII,1,Black Moth Super Rainbow,Born on a Day the Sun Didn't Rise,3:45,psychedelic,,,
Best of Rock Vol. LVII,2,Tobacco,Truck Sweat,3:10,electronic,,,
Best of Rock Vol. LVII,3,Cut Copy,Future,0:00,electronic,,,
Best of Rock Vol. LVII,4,Hercules & Love Affair,Blind,6:18,Disco,,,
Best of Rock Vol. LVII,5,MGMT,Time to Pretend,4:18,indie,,,
Best of Rock Vol. LVII,6,Sebastian Tellier,Divine,3:08,french,,,
Best of Rock Vol. LVII,7,jj,Ecstasy,3:33,swedish,,,
Best of Rock Vol. LVII,8,Fever Ray,If I Had a Heart,0:00,electronic,,,
Best of Rock Vol. LVII,9,Coil,Slur,6:18,industrial,,,
Best of Rock Vol. LVII,10,A Place to Bury Strangers,Keep Slipping Away,0:00,shoegaze,,,
Best of Rock Vol. LVII,11,The Flaming Lips,See the Leaves,4:24,Psychedelic Rock,,,
Best of Rock Vol. LVII,12,Radiohead,We Suck Young Blood,4:56,alternative,,,
Best of Rock Vol. LVII,13,Yeasayer,Ambling Alp,3:57,indie,,,
Best of Rock Vol. LVII,14,The xx,Heart Skipped a Beat,4:04,indie,,,
Best of Rock Vol. LVII,15,Phoenix,Lasso,2:47,indie,,,
Best of Rock Vol. LVII,16,Spoon,Small Stakes,3:29,indie,,,
Best of Rock Vol. LVII,17,The National,Slipping Husband,3:56,indie rock,,,
Best of Rock Vol. LVII,18,TV on the Radio,Love Dog,5:36,indie,,,
Best of Rock Vol. LVII,19,The Velvet Underground,Rock & Roll,4:41,rock,,,
Best of Rock Vol. LVIII,1,Phoenix,1901,3:08,indie,,,
Best of Rock Vol. LVIII,2,Cody ChestnuTT,The Seed,3:24,soul,,,
Best of Rock Vol. LVIII,3,MGMT,Electric Feel,3:49,electronic,,,
Best of Rock Vol. LVIII,4,TV on the Radio,Dancing Choose,2:56,indie,,,
Best of Rock Vol. LVIII,5,Black Lips,Short Fuse,3:27,psychedelic,,,
Best of Rock Vol. LVIII,6,Spoon,Sister Jack,3:35,indie rock,,,
Best of Rock Vol. LVIII,7,The National,All the Wine,3:08,indie rock,,,
Best of Rock Vol. LVIII,8,Radiohead,A Punchup at a Wedding,3:52,alternative rock,,,
Best of Rock Vol. LVIII,9,Lou Reed,Satellite of Love,6:12,classic rock,,,
Best of Rock Vol. LVIII,10,The Antlers,Bear,3:54,indie,,,
Best of Rock Vol. LVIII,11,The Flaming Lips,Watching the Planets,5:17,karen o,,,
Best of Rock Vol. LVIII,12,Neon Indian,Should Have Taken Acid With You,2:21,psychedelic,,,
Best of Rock Vol. LVIII,13,Devendra Banhart,Chin Chin & Muck Muck,5:24,folk,,,
Best of Rock Vol. LVIII,14,Akron/Family,Everyone is Guilty,0:00,lizvelrene2009,,,
Best of Rock Vol. LVIII,15,Alec Ounsworth,Me and You,N/A,,indie rock,,,
Best of Rock Vol. LVIII,16,Dan Auerbach,I Want Some More,3:49,blues rock,,,
Best of Rock Vol. LVIII,17,Yo La Tengo,Here to Fall,5:44,alternative,,,
Best of Rock Vol. LVIII,18,Warren Zevon,Werewolves of London,3:27,classic rock,,,
Best of Rock Vol. LVIII,19,The Velvet Underground,Oh! Sweet Nuthin',0:00,classic rock,,,
Best of Rock Vol. LIX,1,Hot Chip,Over & Over,3:56,electronic,,,
Best of Rock Vol. LIX,2,LCD Soundsystem,Losing My Edge,7:53,electronic,,,
Best of Rock Vol. LIX,3,Love & Rockets,So Alive,0:00,80s,,,
Best of Rock Vol. LIX,4,Yeasayer,O.N.E.,5:18,indie,,,
Best of Rock Vol. LIX,5,Spoon,Written In Reverse,3:54,indie rock,,,
Best of Rock Vol. LIX,6,The National,Bloodbuzz Ohio,5:13,indie rock,,,
Best of Rock Vol. LIX,7,Broken Social Scene,Meet Me in the Basement,3:44,indie rock,,,
Best of Rock Vol. LIX,8,The Black Keys,Next Girl,3:41,blues rock,,,
Best of Rock Vol. LIX,9,The Dead Weather,Blue Blood Blues,3:22,Garage Rock,,,
Best of Rock Vol. LIX,10,Miles Benjamin Anthony Robinson,Buriedfed,4:45,indie,,,
Best of Rock Vol. LIX,11,Broken Bells,The High Road,3:49,indie,,,
Best of Rock Vol. LIX,12,MGMT,Song for Dan Treacy,4:09,indie,,,
Best of Rock Vol. LIX,13,Gorillaz,Some Kind of Nature,3:03,electronic,,,
Best of Rock Vol. LIX,14,Bon Iver,Skinny Love,3:58,folk,,,
Best of Rock Vol. LIX,15,Alberta Cross,Old Man Chicago,3:30,alternative rock,,,
Best of Rock Vol. LIX,16,Liars,Scissor,3:31,lizvelrene2010,,,
Best of Rock Vol. LIX,17,Them Crooked Vultures,Spinning in Daffodils,7:28,alternative rock,,,
Best of Rock Vol. LX,1,Phoenix,Long Distance Call,3:04,indie,,,
Best of Rock Vol. LX,2,Caribou,Sun,0:00,electronic,,,
Best of Rock Vol. LX,3,Gorillaz,Rhinestone Eyes,3:22,electronic,,,
Best of Rock Vol. LX,4,!!!,The Hammer,4:59,lizvelrene2010,,,
Best of Rock Vol. LX,5,Arcade Fire,Ready to Start,5:18,indie rock,,,
Best of Rock Vol. LX,6,Menomena,Taos,5:00,lizvelrene2010,,,
Best of Rock Vol. LX,7,Local Natives,Airplanes,3:49,indie,,,
Best of Rock Vol. LX,8,Here We Go Magic,Fangela,5:30,addictive,,,
Best of Rock Vol. LX,9,Devendra Banhart,I Feel Just Like a Child,0:00,folk,,,
Best of Rock Vol. LX,10,Mayer Hawthorne,One Track Mind,2:03,soul,,,
Best of Rock Vol. LX,11,The Constellations,Perfect Day,4:24,Chuck,,,
Best of Rock Vol. LX,12,Broken Social Scene,Texico Bitches,3:49,indie rock,,,
Best of Rock Vol. LX,13,Spoon,The Mystery Zone,5:50,indie rock,,,
Best of Rock Vol. LX,14,The National,Anyone's Ghost,2:56,indie rock,,,
Best of Rock Vol. LX,15,Blitzen Trapper,Black River Killer,3:28,folk,,,
Best of Rock Vol. LX,16,Modest Mouse,King Rat,5:29,indie,,,
Best of Rock Vol. LX,17,Wolf Parade,Kissing the Beehive,10:52,indie rock,,,
Best of Rock Vol. LXI,1,Lindstrøm & Christabelle,Lovesick,3:12,electronic,,,
Best of Rock Vol. LXI,2,Spoon,The Way We Get By,3:30,indie,,,
Best of Rock Vol. LXI,3,Arcade Fire,We Used to Wait,0:00,indie rock,,,
Best of Rock Vol. LXI,4,TV on the Radio,DLZ,3:48,indie,,,
Best of Rock Vol. LXI,5,Edward Sharpe & the Magnetic Zeroes,Home,5:07,folk,,,
Best of Rock Vol. LXI,6,The Black Keys,Tighten Up,3:40,blues rock,,,
Best of Rock Vol. LXI,7,Grinderman,No Pussy Blues,0:00,Garage Rock,,,
Best of Rock Vol. LXI,8,The National,Available,3:35,indie rock,,,
Best of Rock Vol. LXI,9,Radiohead,The National Anthem,4:49,alternative,,,
Best of Rock Vol. LXI,10,The Besnard Lakes,And This Is What We Call Progress,5:10,indie rock,,,
Best of Rock Vol. LXI,11,Phoenix,Consolation Prizes,0:00,indie,,,
Best of Rock Vol. LXI,12,Fujiya & Miyagi,Uh,0:00,electronic,,,
Best of Rock Vol. LXI,13,Yeasayer,Madder Red,4:04,indie,,,
Best of Rock Vol. LXI,14,Local Natives,Warning Sign,4:38,indie,,,
Best of Rock Vol. LXI,15,Fleet Foxes,Your Protector,4:09,folk,,,
Best of Rock Vol. LXI,16,Broken Social Scene,Forced to Love,3:35,indie,,,
Best of Rock Vol. LXI,17,Band of Horses,Weed Party,3:16,indie rock,,,
Best of Rock Vol. LXI,18,Frightened Rabbit,The Loneliness and the Scream,4:09,handclaps,,,
Best of Rock Vol. LXI,19,Bear In Heaven,Lovesick Teenagers,9:45,indie,,,
Best of Rock Vol. LXI,20,The Walkmen,Red Moon,4:02,american i like,,,
Best of Rock Vol. LXII,1,TV on the Radio,Will Do,3:42,indie,,,
Best of Rock Vol. LXII,2,Radiohead,Lotus Flower,5:00,alternative,,,
Best of Rock Vol. LXII,3,Edward Sharpe & the Magnetic Zeroes,Janglin',4:51,folk,,,
Best of Rock Vol. LXII,4,Frightened Rabbit,Swim Until You Can't See Land,4:19,Chuck,,,
Best of Rock Vol. LXII,5,Beck,Gamma Ray,2:56,alternative,,,
Best of Rock Vol. LXII,6,Built to Spill,Carry the Zero,0:00,indie,,,
Best of Rock Vol. LXII,7,The Raconteurs,Level,2:21,rock,,,
Best of Rock Vol. LXII,8,Tame Impala,Solitude Is Bliss,3:56,Psychedelic Rock,,,
Best of Rock Vol. LXII,9,Interpol,Narc,4:01,indie,,,
Best of Rock Vol. LXII,10,Local Natives,Sun Hands,4:51,indie,,,
Best of Rock Vol. LXII,11,Arctic Monkeys,Fake Tales of San Francisco,2:56,indie rock,,,
Best of Rock Vol. LXII,12,Gorillaz,On Melancholy Hill,3:49,electronic,,,
Best of Rock Vol. LXII,13,Holy Fuck,Red Lights,3:49,experimental,,,
Best of Rock Vol. LXII,14,Band of Horses,Wicked Gil,3:11,indie,,,
Best of Rock Vol. LXII,15,Alberta Cross,Broken Side of Time,5:21,Consistent Dodo Radio - Flittering,,,
Best of Rock Vol. LXII,16,Akron/Family,Don't Be Afraid,0:00,,folk,,,
Best of Rock Vol. LXII,17,Arcade Fire,Sprawl II (Mountains Beyond Mountains),7:16,indie,,,
Best of Rock Vol. LXII,18,LCD Soundsystem,Home,7:20,electronic,,,
Best of Rock Vol. LXIII,1,The Kills,Heart is a Beating Drum,4:20,rock,,,
Best of Rock Vol. LXIII,2,Smith Westerns,Weekend,3:19,indie,,,
Best of Rock Vol. LXIII,3,Black Lips,Bad Kids,2:08,Garage Rock,,,
Best of Rock Vol. LXIII,4,Phoenix,Run Run Run,0:00,indie,,,
Best of Rock Vol. LXIII,5,Cults,Go Outside,3:24,indie,,,
Best of Rock Vol. LXIII,6,Phantogram,Mouthful of Diamonds,4:13,electronic,,,
Best of Rock Vol. LXIII,7,Foster the People,Pumped Up Kicks,3:58,indie,,,
Best of Rock Vol. LXIII,8,The Rapture,Whoo! Alright Yeah... Uh Huh,3:48,indie,,,
Best of Rock Vol. LXIII,9,Fitz & the Tantrums,Moneygrabber,3:04,soul,,,
Best of Rock Vol. LXIII,10,The Temper Trap,Sweet Disposition,3:53,indie,,,
Best of Rock Vol. LXIII,11,Tame Impala,Desire Be Desire Go,4:07,Psychedelic Rock,,,
Best of Rock Vol. LXIII,12,TAB the Band,She Said No (I Love You),4:30,Dead Boots,,,
Best of Rock Vol. LXIII,13,Radiohead,Morning Mr. Magpie,5:41,alternative,,,
Best of Rock Vol. LXIII,14,TV on the Radio,You,0:00,indie rock,,,
Best of Rock Vol. LXIII,15,The National,Terrible Love (alternate version),4:18,indie rock,,,
Best of Rock Vol. LXIII,16,White Rabbits,The Plot,3:31,indie rock,,,
Best of Rock Vol. LXIII,17,The Dodos,Black Night,4:22,indie,,,
Best of Rock Vol. LXIII,18,The Joy Formidable,Whirring,0:00,indie rock,,,
Best of Rock Vol. LXIII,19,Noah and the Whale,5 Years Time,3:04,happy,,,
Best of Rock Vol. LXIV,1,Thee Oh Sees,I Need Seed,2:54,rock,,,
Best of Rock Vol. LXIV,2,White Rabbits,Temporary,3:40,indie,,,
Best of Rock Vol. LXIV,3,Howler,Back of Your Neck,3:39,indie rock,,,
Best of Rock Vol. LXIV,4,Hospital Ships,I Want It to Get Out,4:06,pop,,,
Best of Rock Vol. LXIV,5,The Big Pink,Velvet,4:14,indie,,,
Best of Rock Vol. LXIV,6,Pond,Moth Wings,3:21,Psychedelic Rock,,,
Best of Rock Vol. LXIV,7,Mikal Cronin,Is It Alright,3:30,indie,,,
Best of Rock Vol. LXIV,8,White Denim,Mess Your Hair Up,4:49,vugube62,,,
Best of Rock Vol. LXIV,9,Tame Impala,Elephant,4:30,Psychedelic Rock,,,
Best of Rock Vol. LXIV,10,Outer Minds,Ordinary,2:35,Unknown,,,
Best of Rock Vol. LXIV,11,Ty Segall Band,I Bought My Eyes,3:45,Garage Rock,,,
Best of Rock Vol. LXIV,12,Wilco,I Might,3:58,indie,,,
Best of Rock Vol. LXIV,13,Radio Moscow,Lucky Dutch,4:40,blues rock,,,
Best of Rock Vol. LXIV,14,Kasabian,Club Foot,3:35,indie,,,
Best of Rock Vol. LXIV,15,Beck,Go It Alone,0:00,alternative,,,
Best of Rock Vol. LXIV,16,Black Lips,Modern Art,1:59,Garage Rock,,,
Best of Rock Vol. LXIV,17,Parquet Courts,Borrowed Time,2:32,indie rock,,,
Best of Rock Vol. LXIV,18,The Strokes,Tap Out,3:41,indie rock,,,
Best of Rock Vol. LXIV,19,Wooden Shjips,Lazy Bones,3:54,Psychedelic Rock,,,
Best of Rock Vol. LXIV,20,Wavves,Hippies Is Punks,3:16,punk rock,,,
Best of Rock Vol. LXV,1,King Tuff,Psycho Star,4:41,banned,,,
Best of Rock Vol. LXV,2,The Voidz,All Wordz Are Made Up,3:11,talking heads,,,
Best of Rock Vol. LXV,3,Albert Hammond, Jr.,N/A,,Unknown,,,
Best of Rock Vol. LXV,4,Ty Segall,Every 1's a Winner,3:43,rock,,,
Best of Rock Vol. LXV,5,The Jim Carroll Band,People Who Died,0:00,punk,,,
Best of Rock Vol. LXV,6,Interpol,The Rover,3:27,indie rock,,,
Best of Rock Vol. LXV,7,Ought,Disgraced In America,4:22,banned,,,
Best of Rock Vol. LXV,8,Surfer Blood,Six Flags in F or G,5:22,somafm,,,
Best of Rock Vol. LXV,9,Kurt Vile,Loading Zones,0:00,folk,,,
Best of Rock Vol. LXV,10,The Handsome Family,Weightless Again,3:39,Alt-country,,,
Best of Rock Vol. LXV,11,Jonathan Wilson,Trafalgar Square,0:00,folk,,,
Best of Rock Vol. LXV,12,Wolf Alice,Moaning Lisa Smile,2:39,alternative,,,
Best of Rock Vol. LXV,13,Biting Elbows,Bad Motherfucker,3:28,alternative rock,,,
Best of Rock Vol. LXV,14,The Vaccines,If You Wanna,2:54,indie rock,,,
Best of Rock Vol. LXV,15,The Growlers,Vacant Lot,3:01,Unknown,,,
Best of Rock Vol. LXV,16,The Peach Kings,Thieves & Kings,3:40,indie,,,
Best of Rock Vol. LXV,17,Ron Gallo,Young Lady,0:00,,indie,,,
Best of Rock Vol. LXV,18,Parquet Courts,Total Football,3:56,Crank wave,,,
Best of Rock Vol. LXV,19,Easy Giant,Another Sun,4:12,Unknown,,,
Best of Rock Vol. LXVI,1,IDLES,Danny Nedelko,0:00,Crank wave,,,
Best of Rock Vol. LXVI,2,Thee Oh Sees,C,4:21,interesting title,,,
Best of Rock Vol. LXVI,3,Shame,Concrete,3:34,Crank wave,,,
Best of Rock Vol. LXVI,4,Ty Segall,Girlfriend,1:47,rock,,,
Best of Rock Vol. LXVI,5,Algiers,Black Eunuch,5:22,2010s,,,
Best of Rock Vol. LXVI,6,Beyond the Wizards Sleeve,Iron Age,6:22,Unknown,,,
Best of Rock Vol. LXVI,7,Viagra Boys,Sports,3:57,Crank wave,,,
Best of Rock Vol. LXVI,8,Rolling Blackouts Coastal Fever,Talking Straight,3:44,indie rock,,,
Best of Rock Vol. LXVI,9,Iceage,Pain Killer,3:39,post-punk,,,
Best of Rock Vol. LXVI,10,King Gizzard & the Lizard Wizard,Fishing for Fishies,0:00,psychedelic,,,
Best of Rock Vol. LXVI,11,The Orwells,They Put a Body in the Bayou,3:08,somafm,,,
Best of Rock Vol. LXVI,12,Cage the Elephant,Broken Boy,2:44,rock,,,
Best of Rock Vol. LXVI,13,The I.L.Y's,Wash My Hands Shorty,0:00,experimental,,,
Best of Rock Vol. LXVI,14,The Dead Pirates,Clement,4:55,Unknown,,,
Best of Rock Vol. LXVI,15,Heavy Lungs,Blood Brother,3:37,Crank wave,,,
Best of Rock Vol. LXVI,16,Fontaines D.C.,Too Real,0:00,Crank wave,,,
Best of Rock Vol. LXVI,17,Parquet Courts,Almost Had to Start a Fight/In and Out of Patience,3:14,Crank wave,,,
Best of Rock Vol. LXVI,18,Squid,Houseplants,0:00,Crank wave,,,
Best of Rock Vol. LXVI,19,Prayers & Christian Death,Cursed Be Thy Blessings,N/A,Unknown,,,
Best of Rock Vol. LXVI,20,The Bennies,Trip Report,4:22,Unknown,,,
Best of Rock Vol. LXVII,1,Kurt Vile,Pretty Pimpin',4:00,Unknown,,,
Best of Rock Vol. LXVII,2,The War on Drugs,Red Eyes,4:56,indie,,,
Best of Rock Vol. LXVII,3,Ought,Beautiful Blue Sky,7:44,experimental,,,
Best of Rock Vol. LXVII,4,Courtney Barnett,Elevator Operator,0:00,indie rock,,,
Best of Rock Vol. LXVII,5,Modest Mouse,I'm Still Here,1:33,Unknown,,,
Best of Rock Vol. LXVII,6,Milky Chance,Stolen Dance,3:27,indie,,,
Best of Rock Vol. LXVII,7,John Frusciante,The Afterglow,5:19,electronic,,,
Best of Rock Vol. LXVII,8,Bad Scene,Vile,N/A,Unknown,,,
Best of Rock Vol. LXVII,9,Vampire Weekend,Sympathy,3:46,indie,,,
Best of Rock Vol. LXVII,10,Thieves Like Us,Drugs in my body,3:29,electronic,,,
Best of Rock Vol. LXVII,11,Soft Powers,Palm Nights,2:35,Unknown,,,
Best of Rock Vol. LXVII,12,Steve Mason,Walking Away from Love,3:40,Unknown,,,
Best of Rock Vol. LXVII,13,The Drums,Body Chemistry,4:47,rock,,,
Best of Rock Vol. LXVII,14,Lou Doillon,Too much,0:00,french,,,
Best of Rock Vol. LXVII,15,Eagles of Death Metal,Family Affair,0:00,cover,,,
Best of Rock Vol. LXVII,16,Julien Baker,The Modern Leper,0:00,Unknown,,,
Best of Rock Vol. LXVII,17,Savages,Fuckers,10:04,post-punk,,,
Best of Rock Vol. LXVIII,1,Ghost,Cirice,5:50,heavy metal,,,
Best of Rock Vol. LXVIII,2,Mastodon,Show Yourself,0:00,pop punk,,,
Best of Rock Vol. LXVIII,3,Baroness,March to the Sea,3:11,Progressive metal,,,
Best of Rock Vol. LXVIII,4,Power Trip,Executioner's Tax (Swing of the Axe),3:45,thrash metal,,,
Best of Rock Vol. LXVIII,5,Motorhead,In the Name of Tragedy,0:00,heavy metal,,,
Best of Rock Vol. LXVIII,6,Slayer,Dead Skin Mask,4:58,thrash metal,,,
Best of Rock Vol. LXVIII,7,Orange Goblin,Red Tide Rising,4:57,stoner metal,,,
Best of Rock Vol. LXVIII,8,Rammstein,Deutschland,0:00,industrial metal,,,
Best of Rock Vol. LXVIII,9,Mister Heavenly,Bronx Sniper,3:38,indie,,,
Best of Rock Vol. LXVIII,10,Ed Schrader's Music Beat,Sermon,1:06,Unknown,,,
Best of Rock Vol. LXVIII,11,Queens of the Stone Age,Little Sister,2:54,rock,,,
Best of Rock Vol. LXVIII,12,Mutoid Man,Bridgeburner,3:02,Unknown,,,
Best of Rock Vol. LXVIII,13,Red Fang,Wires,5:43,Stoner Rock,,,
Best of Rock Vol. LXVIII,14,Fuzz,21st Century Schizoid Man,2:56,numbers,,,
Best of Rock Vol. LXVIII,15,King Gizzard & the Lizard Wizard,Mars for the Rich,0:00,thrash metal,,,
Best of Rock Vol. LXVIII,16,Truckfighters,Desert Cruiser,9:20,Stoner Rock,,,
Best of Rock Vol. LXVIII,17,Sleep,Dragonaut,5:41,Stoner Rock,,,
Best of Rock Vol. LXIX,1,Focus,Hocus Pocus,6:41,Progressive rock,,,
Best of Rock Vol. LXIX,2,Queen,Brighton Rock,8:25,rock,,,
Best of Rock Vol. LXIX,3,Golden Earring,Radar Love,3:44,classic rock,,,
Best of Rock Vol. LXIX,4,ZZ Top,Sleeping Bag,4:03,classic rock,,,
Best of Rock Vol. LXIX,5,Babe Ruth,The Mexican,5:45,rock,,,
Best of Rock Vol. LXIX,6,Fleetwood Mac,Tusk,6:25,classic rock,,,
Best of Rock Vol. LXIX,7,Tom Petty and the Heartbreakers,American Girl,4:12,classic rock,,,
Best of Rock Vol. LXIX,8,George Harrison,What Is Life,4:20,classic rock,,,
Best of Rock Vol. LXIX,9,Talking Heads,This Must Be the Place (Naive Melody),3:50,new wave,,,
Best of Rock Vol. LXIX,10,Harry Nilsson,Jump Into the Fire,3:35,classic rock,,,
Best of Rock Vol. LXIX,11,Rush,The Spirit of the Radio,0:00,Progressive rock,,,
Best of Rock Vol. LXIX,12,David Bowie,Starman,4:14,classic rock,,,
Best of Rock Vol. LXIX,13,The Modern Lovers,Roadrunner,4:06,proto-punk,,,
Best of Rock Vol. LXIX,14,The Kinks,Powerman,4:19,classic rock,,,
Best of Rock Vol. LXIX,15,Elvis Costello & The Attractions,Pump It Up,3:17,new wave,,,
Best of Rock Vol. LXIX,16,Ace Frehley,New York Groove,5:14,classic rock,,,
Best of Rock Vol. LXIX,17,Faces,Ooh La La,3:33,rock,,,
Best of Rock Vol. LXIX,18,Warren Zevon,Excitable Boy,4:03,rock,,,
Best of Rock Vol. LXX,1,poolfire,Radio Man,3:59,Unknown,,,
Best of Rock Vol. LXX,2,alt-J,U&ME,3:18,indie,,,
Best of Rock Vol. LXX,3,Princess Goes to the Butterfly Museum,Eat an Eraser,0:00,Unknown,,,
Best of Rock Vol. LXX,4,LOOK MUM NO COMPUTER,Mind Over Matter,3:54,Unknown,,,
Best of Rock Vol. LXX,5,Spoon,Wild,3:13,alternative rock,,,
Best of Rock Vol. LXX,6,Yves Tumor,Jackie,2:56,glam rock,,,
Best of Rock Vol. LXX,7,TV Priest,Lifesize,3:31,Crank wave,,,
Best of Rock Vol. LXX,8,Greg Puciato, Reba Meyers,N/A,,Unknown,,,
Best of Rock Vol. LXX,9,Voka Gentle, BELLS,N/A,,Unknown,,,
Best of Rock Vol. LXX,10,Everything Everything,Bad Friday,3:11,indie,,,
Best of Rock Vol. LXX,11,Holy Fuck, Nicholas Allbrook,N/A,,Unknown,,,
Best of Rock Vol. LXX,12,Khruangbin, Leon Bridges,N/A,,Unknown,,,
Best of Rock Vol. LXX,13,Orlando Weeks,Deep Down Way Out,2:43,Unknown,,,
Best of Rock Vol. LXX,14,Twin Shadow,Alemania,3:55,fip,,,
Best of Rock Vol. LXX,15,Low Island,What Do You Stand For,3:45,electropop,,,
Best of Rock Vol. LXX,16,Gardens & Villa,Disco Kitchen,3:26,Unknown,,,
Best of Rock Vol. LXX,17,Sons of Raphael,Yeah Yeah Yeah,0:00,fip,,,
Best of Rock Vol. LXX,18,Band of Horses,Crutch,3:43,indie rock,,,
Best of Rock Vol. LXX,19,Grace Mitchell,NoLo,4:26,Unknown,,,
Best of Rock Vol. LXX,20,Fruit Bats,The Bottom of It,0:00,folk,,,
